trial,testing,parameters,initial_deadline,final_deadline,net_reward,actions,success
1,False,"{'a': 0.2, 'e': 0.997004495503373}",30,8,-134.1311506387886,"{0: 12, 1: 2, 2: 6, 3: 0, 4: 2}",1
2,False,"{'a': 0.2, 'e': 0.9910403787728836}",20,0,-150.31213784131663,"{0: 11, 1: 3, 2: 3, 3: 0, 4: 3}",0
3,False,"{'a': 0.2, 'e': 0.9851119396030626}",25,9,-44.762120755237675,"{0: 9, 1: 2, 2: 5, 3: 0, 4: 0}",1
4,False,"{'a': 0.2, 'e': 0.9792189645694596}",30,0,-153.80484154609758,"{0: 14, 1: 6, 2: 9, 3: 0, 4: 1}",0
5,False,"{'a': 0.2, 'e': 0.9733612415243368}",20,5,-16.54626470088435,"{0: 11, 1: 1, 2: 3, 3: 0, 4: 0}",1
6,False,"{'a': 0.2, 'e': 0.967538559589032}",30,0,-199.56238734542563,"{0: 19, 1: 3, 2: 4, 3: 0, 4: 4}",0
7,False,"{'a': 0.2, 'e': 0.9617507091463667}",30,0,-129.50212748729746,"{0: 17, 1: 3, 2: 8, 3: 1, 4: 1}",0
8,False,"{'a': 0.2, 'e': 0.9559974818331}",25,0,-84.145793774998,"{0: 16, 1: 3, 2: 5, 3: 0, 4: 1}",0
9,False,"{'a': 0.2, 'e': 0.950278670532427}",25,0,-123.98613974741278,"{0: 13, 1: 4, 2: 7, 3: 0, 4: 1}",0
10,False,"{'a': 0.2, 'e': 0.9445940693665233}",25,0,-93.01319711065112,"{0: 17, 1: 2, 2: 4, 3: 1, 4: 1}",0
11,False,"{'a': 0.2, 'e': 0.9389434736891332}",30,0,-168.2682002452924,"{0: 15, 1: 4, 2: 9, 3: 0, 4: 2}",0
12,False,"{'a': 0.2, 'e': 0.933326680078202}",20,0,-129.3637937330506,"{0: 8, 1: 2, 2: 9, 3: 0, 4: 1}",0
13,False,"{'a': 0.2, 'e': 0.9277434863285529}",25,0,-76.33697325596054,"{0: 15, 1: 0, 2: 10, 3: 0, 4: 0}",0
14,False,"{'a': 0.2, 'e': 0.922193691444608}",20,0,-67.81932498319534,"{0: 11, 1: 1, 2: 8, 3: 0, 4: 0}",0
15,False,"{'a': 0.2, 'e': 0.9166770956331523}",35,0,-181.76221421309177,"{0: 20, 1: 2, 2: 11, 3: 0, 4: 2}",0
16,False,"{'a': 0.2, 'e': 0.9111935002961405}",25,0,-57.04182589910404,"{0: 18, 1: 3, 2: 3, 3: 0, 4: 1}",0
17,False,"{'a': 0.2, 'e': 0.9057427080235485}",20,0,-87.16670390061809,"{0: 15, 1: 1, 2: 2, 3: 0, 4: 2}",0
18,False,"{'a': 0.2, 'e': 0.9003245225862656}",20,0,-162.86677654974983,"{0: 10, 1: 5, 2: 1, 3: 1, 4: 3}",0
19,False,"{'a': 0.2, 'e': 0.894938748929031}",35,0,-175.28332182109216,"{0: 21, 1: 5, 2: 6, 3: 0, 4: 3}",0
20,False,"{'a': 0.2, 'e': 0.8895851931634113}",20,0,-30.259195916352645,"{0: 14, 1: 2, 2: 4, 3: 0, 4: 0}",0
21,False,"{'a': 0.2, 'e': 0.8842636625608209}",25,9,-5.392140817451347,"{0: 13, 1: 2, 2: 1, 3: 0, 4: 0}",1
22,False,"{'a': 0.2, 'e': 0.8789739655455832}",25,2,-89.69950705666257,"{0: 14, 1: 5, 2: 2, 3: 1, 4: 1}",1
23,False,"{'a': 0.2, 'e': 0.8737159116880344}",20,0,-155.16384801563785,"{0: 14, 1: 1, 2: 1, 3: 0, 4: 4}",0
24,False,"{'a': 0.2, 'e': 0.8684893116976679}",30,21,-1.6270688312484953,"{0: 7, 1: 1, 2: 1, 3: 0, 4: 0}",1
25,False,"{'a': 0.2, 'e': 0.8632939774163194}",20,0,-68.60132434766955,"{0: 14, 1: 2, 2: 3, 3: 0, 4: 1}",0
26,False,"{'a': 0.2, 'e': 0.8581297218113938}",35,0,-120.27253035218862,"{0: 24, 1: 3, 2: 6, 3: 0, 4: 2}",0
27,False,"{'a': 0.2, 'e': 0.8529963589691315}",20,0,-33.838586233961294,"{0: 16, 1: 3, 2: 0, 3: 0, 4: 1}",0
28,False,"{'a': 0.2, 'e': 0.8478937040879159}",35,0,-70.0813271999353,"{0: 27, 1: 2, 2: 5, 3: 0, 4: 1}",0
29,False,"{'a': 0.2, 'e': 0.8428215734716199}",20,0,-101.60759468484645,"{0: 11, 1: 3, 2: 4, 3: 1, 4: 1}",0
30,False,"{'a': 0.2, 'e': 0.8377797845229938}",25,15,6.06589413431055,"{0: 9, 1: 1, 2: 0, 3: 0, 4: 0}",1
31,False,"{'a': 0.2, 'e': 0.832768155737091}",25,0,-69.59440418418528,"{0: 15, 1: 2, 2: 8, 3: 0, 4: 0}",0
32,False,"{'a': 0.2, 'e': 0.8277865066947336}",25,0,-24.397606536735278,"{0: 19, 1: 2, 2: 4, 3: 0, 4: 0}",0
33,False,"{'a': 0.2, 'e': 0.8228346580560184}",20,0,-88.47393694880746,"{0: 12, 1: 2, 2: 5, 3: 0, 4: 1}",0
34,False,"{'a': 0.2, 'e': 0.8179124315538594}",20,0,-65.47953423585412,"{0: 13, 1: 4, 2: 2, 3: 0, 4: 1}",0
35,False,"{'a': 0.2, 'e': 0.813019649987571}",25,0,-38.65347783820884,"{0: 21, 1: 1, 2: 2, 3: 0, 4: 1}",0
36,False,"{'a': 0.2, 'e': 0.8081561372164884}",20,0,-72.6249449808843,"{0: 12, 1: 4, 2: 3, 3: 0, 4: 1}",0
37,False,"{'a': 0.2, 'e': 0.8033217181536265}",20,9,-111.03271074523171,"{0: 5, 1: 0, 2: 4, 3: 0, 4: 2}",1
38,False,"{'a': 0.2, 'e': 0.7985162187593771}",25,0,-76.23515523929245,"{0: 17, 1: 3, 2: 3, 3: 1, 4: 1}",0
39,False,"{'a': 0.2, 'e': 0.7937394660352427}",20,0,-159.1697427474789,"{0: 10, 1: 4, 2: 3, 3: 0, 4: 3}",0
40,False,"{'a': 0.2, 'e': 0.7889912880176096}",25,0,-87.00207137483221,"{0: 17, 1: 3, 2: 3, 3: 1, 4: 1}",0
41,False,"{'a': 0.2, 'e': 0.7842715137715565}",25,0,-78.07955631856753,"{0: 13, 1: 6, 2: 6, 3: 0, 4: 0}",0
42,False,"{'a': 0.2, 'e': 0.7795799733847004}",20,0,-24.950582570179762,"{0: 14, 1: 4, 2: 2, 3: 0, 4: 0}",0
43,False,"{'a': 0.2, 'e': 0.774916497961081}",20,0,-22.88330286399395,"{0: 16, 1: 1, 2: 3, 3: 0, 4: 0}",0
44,False,"{'a': 0.2, 'e': 0.7702809196150792}",25,0,-95.00580135426125,"{0: 16, 1: 2, 2: 6, 3: 0, 4: 1}",0
45,False,"{'a': 0.2, 'e': 0.7656730714653739}",25,0,-89.04701518004877,"{0: 20, 1: 2, 2: 0, 3: 1, 4: 2}",0
46,False,"{'a': 0.2, 'e': 0.7610927876289343}",25,7,-49.41887028932532,"{0: 13, 1: 2, 2: 2, 3: 0, 4: 1}",1
47,False,"{'a': 0.2, 'e': 0.7565399032150474}",30,0,-154.13425564072855,"{0: 17, 1: 4, 2: 7, 3: 0, 4: 2}",0
48,False,"{'a': 0.2, 'e': 0.7520142543193826}",20,9,-7.103889568537047,"{0: 9, 1: 0, 2: 2, 3: 0, 4: 0}",1
49,False,"{'a': 0.2, 'e': 0.747515678018091}",25,0,-121.09648883821654,"{0: 18, 1: 2, 2: 1, 3: 2, 4: 2}",0
50,False,"{'a': 0.2, 'e': 0.7430440123619398}",25,0,-36.06707728545315,"{0: 18, 1: 2, 2: 5, 3: 0, 4: 0}",0
51,False,"{'a': 0.2, 'e': 0.7385990963704826}",20,0,-48.87973958816114,"{0: 14, 1: 4, 2: 1, 3: 0, 4: 1}",0
52,False,"{'a': 0.2, 'e': 0.7341807700262634}",20,0,-20.40536256260345,"{0: 16, 1: 0, 2: 4, 3: 0, 4: 0}",0
53,False,"{'a': 0.2, 'e': 0.7297888742690568}",30,0,-97.63776767095052,"{0: 21, 1: 1, 2: 6, 3: 1, 4: 1}",0
54,False,"{'a': 0.2, 'e': 0.7254232509901412}",20,0,-60.48032167747683,"{0: 11, 1: 3, 2: 6, 3: 0, 4: 0}",0
55,False,"{'a': 0.2, 'e': 0.721083743026607}",30,0,-143.79585595655493,"{0: 17, 1: 3, 2: 7, 3: 2, 4: 1}",0
56,False,"{'a': 0.2, 'e': 0.716770194155699}",35,9,-77.62768902274047,"{0: 18, 1: 3, 2: 3, 3: 1, 4: 1}",1
57,False,"{'a': 0.2, 'e': 0.7124824490891918}",20,0,-69.311564707298,"{0: 14, 1: 1, 2: 4, 3: 0, 4: 1}",0
58,False,"{'a': 0.2, 'e': 0.7082203534678}",20,0,-110.83427705181894,"{0: 15, 1: 0, 2: 1, 3: 2, 4: 2}",0
59,False,"{'a': 0.2, 'e': 0.7039837538556208}",20,4,-35.107738587932516,"{0: 13, 1: 1, 2: 1, 3: 0, 4: 1}",1
60,False,"{'a': 0.2, 'e': 0.699772497734611}",30,11,1.1902395219871906,"{0: 16, 1: 1, 2: 2, 3: 0, 4: 0}",1
61,False,"{'a': 0.2, 'e': 0.6955864334990951}",20,0,-86.23615084686878,"{0: 15, 1: 1, 2: 2, 3: 0, 4: 2}",0
62,False,"{'a': 0.2, 'e': 0.6914254104503085}",30,15,-12.387469873235506,"{0: 11, 1: 2, 2: 2, 3: 0, 4: 0}",1
63,False,"{'a': 0.2, 'e': 0.6872892787909722}",25,0,-132.01866775160653,"{0: 15, 1: 2, 2: 5, 3: 1, 4: 2}",0
64,False,"{'a': 0.2, 'e': 0.6831778896198997}",20,0,-40.83348937444762,"{0: 16, 1: 3, 2: 0, 3: 0, 4: 1}",0
65,False,"{'a': 0.2, 'e': 0.6790910949266368}",30,0,-18.68739344036591,"{0: 23, 1: 3, 2: 4, 3: 0, 4: 0}",0
66,False,"{'a': 0.2, 'e': 0.6750287475861332}",20,15,-33.018890979261634,"{0: 4, 1: 0, 2: 0, 3: 0, 4: 1}",1
67,False,"{'a': 0.2, 'e': 0.6709907013534459}",25,0,-34.003587783646786,"{0: 17, 1: 5, 2: 3, 3: 0, 4: 0}",0
68,False,"{'a': 0.2, 'e': 0.6669768108584744}",20,2,-7.678689530059507,"{0: 14, 1: 3, 2: 1, 3: 0, 4: 0}",1
69,False,"{'a': 0.2, 'e': 0.6629869316007274}",30,18,7.899580037321658,"{0: 11, 1: 0, 2: 1, 3: 0, 4: 0}",1
70,False,"{'a': 0.2, 'e': 0.6590209199441207}",25,0,-74.70024407431056,"{0: 17, 1: 2, 2: 5, 3: 0, 4: 1}",0
71,False,"{'a': 0.2, 'e': 0.6550786331118063}",20,0,-4.37083480404381,"{0: 18, 1: 0, 2: 2, 3: 0, 4: 0}",0
72,False,"{'a': 0.2, 'e': 0.6511599291810325}",20,8,-44.7651152066388,"{0: 9, 1: 0, 2: 2, 3: 0, 4: 1}",1
73,False,"{'a': 0.2, 'e': 0.6472646670780347}",25,0,-19.74889101917051,"{0: 19, 1: 2, 2: 4, 3: 0, 4: 0}",0
74,False,"{'a': 0.2, 'e': 0.6433927065729562}",30,14,-14.644271224461507,"{0: 15, 1: 0, 2: 0, 3: 0, 4: 1}",1
75,False,"{'a': 0.2, 'e': 0.6395439082748009}",25,0,-102.14883060479994,"{0: 16, 1: 0, 2: 8, 3: 0, 4: 1}",0
76,False,"{'a': 0.2, 'e': 0.6357181336264143}",20,0,6.316808627491067,"{0: 18, 1: 0, 2: 2, 3: 0, 4: 0}",0
77,False,"{'a': 0.2, 'e': 0.6319152448994959}",20,0,-50.06304847872406,"{0: 13, 1: 2, 2: 5, 3: 0, 4: 0}",0
78,False,"{'a': 0.2, 'e': 0.6281351051896408}",25,0,-20.2073412537832,"{0: 20, 1: 1, 2: 4, 3: 0, 4: 0}",0
79,False,"{'a': 0.2, 'e': 0.6243775784114112}",20,8,-54.12125164130897,"{0: 8, 1: 1, 2: 2, 3: 0, 4: 1}",1
80,False,"{'a': 0.2, 'e': 0.6206425292934373}",30,10,-97.45589218585222,"{0: 13, 1: 3, 2: 2, 3: 0, 4: 2}",1
81,False,"{'a': 0.2, 'e': 0.6169298233735474}",20,2,-53.96278483611638,"{0: 13, 1: 1, 2: 3, 3: 0, 4: 1}",1
82,False,"{'a': 0.2, 'e': 0.6132393269939275}",30,11,-112.16102731170011,"{0: 14, 1: 1, 2: 1, 3: 0, 4: 3}",1
83,False,"{'a': 0.2, 'e': 0.6095709072963093}",25,0,3.459439099525687,"{0: 22, 1: 1, 2: 2, 3: 0, 4: 0}",0
84,False,"{'a': 0.2, 'e': 0.6059244322171875}",30,0,-101.55234733449288,"{0: 24, 1: 1, 2: 2, 3: 1, 4: 2}",0
85,False,"{'a': 0.2, 'e': 0.6022997704830654}",25,7,-61.60991510521687,"{0: 13, 1: 0, 2: 4, 3: 0, 4: 1}",1
86,False,"{'a': 0.2, 'e': 0.5986967916057292}",25,0,-32.37271871162575,"{0: 20, 1: 1, 2: 2, 3: 2, 4: 0}",0
87,False,"{'a': 0.2, 'e': 0.5951153658775501}",20,10,-40.941581974459304,"{0: 6, 1: 3, 2: 0, 3: 0, 4: 1}",1
88,False,"{'a': 0.2, 'e': 0.5915553643668151}",20,10,-2.047650957694088,"{0: 8, 1: 1, 2: 1, 3: 0, 4: 0}",1
89,False,"{'a': 0.2, 'e': 0.5880166589130854}",20,6,-43.60325625557007,"{0: 10, 1: 1, 2: 2, 3: 0, 4: 1}",1
90,False,"{'a': 0.2, 'e': 0.5844991221225824}",25,13,16.840233090645647,"{0: 12, 1: 0, 2: 0, 3: 0, 4: 0}",1
91,False,"{'a': 0.2, 'e': 0.5810026273636019}",35,25,-0.5605653677409599,"{0: 8, 1: 1, 2: 1, 3: 0, 4: 0}",1
92,False,"{'a': 0.2, 'e': 0.5775270487619547}",30,9,23.96031272245629,"{0: 19, 1: 2, 2: 0, 3: 0, 4: 0}",1
93,False,"{'a': 0.2, 'e': 0.574072261196436}",30,16,-8.233717053289906,"{0: 11, 1: 1, 2: 2, 3: 0, 4: 0}",1
94,False,"{'a': 0.2, 'e': 0.5706381402943203}",20,0,-144.45833101983393,"{0: 13, 1: 1, 2: 3, 3: 0, 4: 3}",0
95,False,"{'a': 0.2, 'e': 0.5672245624268841}",20,0,-135.3591979612124,"{0: 13, 1: 2, 2: 2, 3: 0, 4: 3}",0
96,False,"{'a': 0.2, 'e': 0.5638314047049556}",20,0,-112.54846979472038,"{0: 14, 1: 0, 2: 3, 3: 1, 4: 2}",0
97,False,"{'a': 0.2, 'e': 0.5604585449744904}",25,0,0.3050597437790932,"{0: 21, 1: 3, 2: 1, 3: 0, 4: 0}",0
98,False,"{'a': 0.2, 'e': 0.5571058618121739}",35,21,11.291020477020442,"{0: 13, 1: 0, 2: 1, 3: 0, 4: 0}",1
99,False,"{'a': 0.2, 'e': 0.5537732345210501}",30,0,-38.45754382045133,"{0: 23, 1: 4, 2: 2, 3: 0, 4: 1}",0
100,False,"{'a': 0.2, 'e': 0.5504605431261766}",20,0,-68.34102490961367,"{0: 16, 1: 1, 2: 1, 3: 0, 4: 2}",1
101,False,"{'a': 0.2, 'e': 0.5471676683703055}",25,18,6.913169143842227,"{0: 6, 1: 1, 2: 0, 3: 0, 4: 0}",1
102,False,"{'a': 0.2, 'e': 0.5438944917095899}",25,4,-69.96430127879466,"{0: 15, 1: 0, 2: 5, 3: 0, 4: 1}",1
103,False,"{'a': 0.2, 'e': 0.5406408953093166}",30,0,-57.79567986234095,"{0: 23, 1: 3, 2: 3, 3: 0, 4: 1}",0
104,False,"{'a': 0.2, 'e': 0.5374067620396636}",20,0,-28.092878322058745,"{0: 17, 1: 1, 2: 1, 3: 0, 4: 1}",0
105,False,"{'a': 0.2, 'e': 0.5341919754714841}",20,12,6.044711153603064,"{0: 7, 1: 1, 2: 0, 3: 0, 4: 0}",1
106,False,"{'a': 0.2, 'e': 0.5309964198721143}",25,3,-57.93693639464492,"{0: 17, 1: 2, 2: 1, 3: 1, 4: 1}",1
107,False,"{'a': 0.2, 'e': 0.5278199802012077}",20,0,-7.062410733515939,"{0: 17, 1: 0, 2: 3, 3: 0, 4: 0}",0
108,False,"{'a': 0.2, 'e': 0.5246625421065929}",20,16,7.971044858353299,"{0: 4, 1: 0, 2: 0, 3: 0, 4: 0}",1
109,False,"{'a': 0.2, 'e': 0.5215239919201575}",20,5,-26.939728146249788,"{0: 13, 1: 1, 2: 0, 3: 0, 4: 1}",1
110,False,"{'a': 0.2, 'e': 0.5184042166537559}",25,11,-48.25024759495066,"{0: 10, 1: 1, 2: 2, 3: 0, 4: 1}",1
111,False,"{'a': 0.2, 'e': 0.5153031039951417}",20,5,-40.108478347253666,"{0: 12, 1: 0, 2: 2, 3: 0, 4: 1}",1
112,False,"{'a': 0.2, 'e': 0.512220542303924}",30,16,-1.3533555181530665,"{0: 11, 1: 1, 2: 2, 3: 0, 4: 0}",1
113,False,"{'a': 0.2, 'e': 0.5091564206075492}",20,0,-74.61860928030671,"{0: 14, 1: 0, 2: 5, 3: 0, 4: 1}",0
114,False,"{'a': 0.2, 'e': 0.5061106285973052}",20,6,5.125785656005099,"{0: 12, 1: 1, 2: 1, 3: 0, 4: 0}",1
115,False,"{'a': 0.2, 'e': 0.5030830566243506}",20,10,-86.5503118041307,"{0: 6, 1: 0, 2: 2, 3: 0, 4: 2}",1
116,False,"{'a': 0.2, 'e': 0.5000735956957676}",30,11,28.42214935756634,"{0: 19, 1: 0, 2: 0, 3: 0, 4: 0}",1
117,False,"{'a': 0.2, 'e': 0.4970821374706377}",25,18,-0.3310524711418641,"{0: 6, 1: 0, 2: 1, 3: 0, 4: 0}",1
118,False,"{'a': 0.2, 'e': 0.4941085742561417}",20,0,-20.35257415065106,"{0: 18, 1: 1, 2: 0, 3: 0, 4: 1}",0
119,False,"{'a': 0.2, 'e': 0.49115279900368264}",20,2,10.608436934953193,"{0: 16, 1: 1, 2: 1, 3: 0, 4: 0}",1
120,False,"{'a': 0.2, 'e': 0.4882147053050323}",20,12,17.078416423795108,"{0: 8, 1: 0, 2: 0, 3: 0, 4: 0}",1
121,False,"{'a': 0.2, 'e': 0.4852941873885002}",25,19,-1.3317034164504093,"{0: 5, 1: 0, 2: 1, 3: 0, 4: 0}",1
122,False,"{'a': 0.2, 'e': 0.4823911401151259}",25,3,-9.211374682843775,"{0: 18, 1: 1, 2: 3, 3: 0, 4: 0}",1
123,False,"{'a': 0.2, 'e': 0.4795054589748941}",30,0,-103.42104207102174,"{0: 19, 1: 2, 2: 8, 3: 0, 4: 1}",0
124,False,"{'a': 0.2, 'e': 0.47663704008297203}",20,0,-25.182045960854108,"{0: 18, 1: 0, 2: 1, 3: 0, 4: 1}",0
125,False,"{'a': 0.2, 'e': 0.4737857801759698}",20,10,-30.846515010422575,"{0: 5, 1: 2, 2: 3, 3: 0, 4: 0}",1
126,False,"{'a': 0.2, 'e': 0.4709515766082228}",20,0,-29.78656303658937,"{0: 16, 1: 3, 2: 0, 3: 0, 4: 1}",0
127,False,"{'a': 0.2, 'e': 0.4681343273480965}",25,0,-82.64763015516067,"{0: 17, 1: 1, 2: 6, 3: 0, 4: 1}",0
128,False,"{'a': 0.2, 'e': 0.4653339309743134}",25,16,-53.526392662157164,"{0: 6, 1: 1, 2: 0, 3: 1, 4: 1}",1
129,False,"{'a': 0.2, 'e': 0.4625502866723014}",25,6,-29.692595120376602,"{0: 14, 1: 1, 2: 3, 3: 1, 4: 0}",1
130,False,"{'a': 0.2, 'e': 0.4597832942305652}",20,7,-36.926340322392065,"{0: 10, 1: 1, 2: 1, 3: 0, 4: 1}",1
131,False,"{'a': 0.2, 'e': 0.4570328540370779}",20,13,10.419625238605965,"{0: 7, 1: 0, 2: 0, 3: 0, 4: 0}",1
132,False,"{'a': 0.2, 'e': 0.4542988670756955}",25,3,-56.39683868325866,"{0: 17, 1: 1, 2: 3, 3: 0, 4: 1}",1
133,False,"{'a': 0.2, 'e': 0.4515812349225922}",20,4,-62.279150574693794,"{0: 10, 1: 2, 2: 3, 3: 0, 4: 1}",1
134,False,"{'a': 0.2, 'e': 0.448879859742717}",30,0,-101.63575626718843,"{0: 21, 1: 3, 2: 2, 3: 3, 4: 1}",0
135,False,"{'a': 0.2, 'e': 0.44619464428627154}",20,9,-5.254072453033766,"{0: 10, 1: 0, 2: 0, 3: 1, 4: 0}",1
136,False,"{'a': 0.2, 'e': 0.4435254918852095}",25,7,-119.91911555685934,"{0: 12, 1: 2, 2: 1, 3: 0, 4: 3}",1
137,False,"{'a': 0.2, 'e': 0.4408723064497561}",25,7,-7.845523331193016,"{0: 14, 1: 2, 2: 2, 3: 0, 4: 0}",1
138,False,"{'a': 0.2, 'e': 0.4382349924649492}",30,7,1.3327855780185602,"{0: 20, 1: 0, 2: 3, 3: 0, 4: 0}",1
139,False,"{'a': 0.2, 'e': 0.43561345498720044}",25,1,-9.034798680016552,"{0: 19, 1: 3, 2: 2, 3: 0, 4: 0}",1
140,False,"{'a': 0.2, 'e': 0.43300759964087765}",25,17,17.17166283919942,"{0: 8, 1: 0, 2: 0, 3: 0, 4: 0}",1
141,False,"{'a': 0.2, 'e': 0.43041733261490667}",20,13,2.3463707763946475,"{0: 6, 1: 1, 2: 0, 3: 0, 4: 0}",1
142,False,"{'a': 0.2, 'e': 0.427842560659395}",20,16,9.023907993661831,"{0: 4, 1: 0, 2: 0, 3: 0, 4: 0}",1
143,False,"{'a': 0.2, 'e': 0.42528319108227414}",30,12,-8.967585105736815,"{0: 17, 1: 0, 2: 0, 3: 0, 4: 1}",1
144,False,"{'a': 0.2, 'e': 0.42273913174596284}",25,1,22.08329139176694,"{0: 23, 1: 0, 2: 1, 3: 0, 4: 0}",1
145,False,"{'a': 0.2, 'e': 0.4202102910640503}",20,10,-38.024875740986644,"{0: 7, 1: 1, 2: 1, 3: 0, 4: 1}",1
146,False,"{'a': 0.2, 'e': 0.4176965779979988}",20,8,-5.563168882718079,"{0: 9, 1: 1, 2: 2, 3: 0, 4: 0}",1
147,False,"{'a': 0.2, 'e': 0.4151979020538666}",20,12,7.019643764327975,"{0: 7, 1: 1, 2: 0, 3: 0, 4: 0}",1
148,False,"{'a': 0.2, 'e': 0.4127141732790497}",25,17,-2.9887971001275977,"{0: 6, 1: 1, 2: 1, 3: 0, 4: 0}",1
149,False,"{'a': 0.2, 'e': 0.410245302259044}",25,5,11.234260257920148,"{0: 17, 1: 2, 2: 1, 3: 0, 4: 0}",1
150,False,"{'a': 0.2, 'e': 0.4077912001142262}",20,12,13.859074222667466,"{0: 8, 1: 0, 2: 0, 3: 0, 4: 0}",1
151,False,"{'a': 0.2, 'e': 0.405351778496654}",20,13,10.527103348970694,"{0: 7, 1: 0, 2: 0, 3: 0, 4: 0}",1
152,False,"{'a': 0.2, 'e': 0.40292694958688574}",20,11,1.067989985764713,"{0: 8, 1: 0, 2: 1, 3: 0, 4: 0}",1
153,False,"{'a': 0.2, 'e': 0.4005166260908188}",25,17,-10.978170395935877,"{0: 6, 1: 1, 2: 0, 3: 1, 4: 0}",1
154,False,"{'a': 0.2, 'e': 0.39812072123654696}",25,1,-68.6966310601317,"{0: 17, 1: 2, 2: 4, 3: 0, 4: 1}",1
155,False,"{'a': 0.2, 'e': 0.3957391487712367}",20,7,7.603628308589011,"{0: 12, 1: 0, 2: 1, 3: 0, 4: 0}",1
156,False,"{'a': 0.2, 'e': 0.3933718229580221}",20,0,-32.22726111908167,"{0: 15, 1: 1, 2: 3, 3: 1, 4: 0}",0
157,False,"{'a': 0.2, 'e': 0.3910186585729182}",25,13,15.150545339522111,"{0: 11, 1: 1, 2: 0, 3: 0, 4: 0}",1
158,False,"{'a': 0.2, 'e': 0.388679570901753}",20,2,-6.639938949713148,"{0: 15, 1: 1, 2: 2, 3: 0, 4: 0}",1
159,False,"{'a': 0.2, 'e': 0.3863544757371177}",25,14,5.598403343811895,"{0: 10, 1: 0, 2: 1, 3: 0, 4: 0}",1
160,False,"{'a': 0.2, 'e': 0.3840432893753353}",20,15,4.076703933438338,"{0: 4, 1: 1, 2: 0, 3: 0, 4: 0}",1
161,False,"{'a': 0.2, 'e': 0.3817459286134471}",25,19,-1.1392872718047449,"{0: 5, 1: 0, 2: 1, 3: 0, 4: 0}",1
162,False,"{'a': 0.2, 'e': 0.37946231074621756}",25,0,-63.87530123225203,"{0: 19, 1: 0, 2: 5, 3: 0, 4: 1}",0
163,False,"{'a': 0.2, 'e': 0.37719235356315695}",20,5,-23.357011327936355,"{0: 11, 1: 1, 2: 2, 3: 1, 4: 0}",1
164,False,"{'a': 0.2, 'e': 0.37493597534556133}",20,4,12.380769866924641,"{0: 15, 1: 0, 2: 1, 3: 0, 4: 0}",1
165,False,"{'a': 0.2, 'e': 0.3726930948635714}",20,1,-63.68016655453113,"{0: 14, 1: 1, 2: 2, 3: 1, 4: 1}",1
166,False,"{'a': 0.2, 'e': 0.37046363137324734}",25,18,5.392163706835333,"{0: 6, 1: 1, 2: 0, 3: 0, 4: 0}",1
167,False,"{'a': 0.2, 'e': 0.3682475046136629}",30,22,-4.122590718632105,"{0: 6, 1: 1, 2: 1, 3: 0, 4: 0}",1
168,False,"{'a': 0.2, 'e': 0.36604463480401533}",25,3,-14.681420089758864,"{0: 18, 1: 1, 2: 2, 3: 1, 4: 0}",1
169,False,"{'a': 0.2, 'e': 0.3638549426407535}",20,12,-9.048227961558409,"{0: 6, 1: 0, 2: 2, 3: 0, 4: 0}",1
170,False,"{'a': 0.2, 'e': 0.36167834929472326}",20,0,-11.779150330481867,"{0: 16, 1: 1, 2: 3, 3: 0, 4: 0}",0
171,False,"{'a': 0.2, 'e': 0.35951477640832885}",20,9,10.122796881225028,"{0: 10, 1: 1, 2: 0, 3: 0, 4: 0}",1
172,False,"{'a': 0.2, 'e': 0.3573641460927129}",30,16,21.54533429544015,"{0: 14, 1: 0, 2: 0, 3: 0, 4: 0}",1
173,False,"{'a': 0.2, 'e': 0.3552263809249515}",25,10,8.712103641427523,"{0: 14, 1: 0, 2: 1, 3: 0, 4: 0}",1
174,False,"{'a': 0.2, 'e': 0.353101403945268}",30,19,1.7535948121152503,"{0: 8, 1: 3, 2: 0, 3: 0, 4: 0}",1
175,False,"{'a': 0.2, 'e': 0.35098913865426146}",20,4,14.141239824901755,"{0: 14, 1: 2, 2: 0, 3: 0, 4: 0}",1
176,False,"{'a': 0.2, 'e': 0.34888950901015336}",20,0,12.619928279180288,"{0: 19, 1: 0, 2: 1, 3: 0, 4: 0}",0
177,False,"{'a': 0.2, 'e': 0.34680243942604977}",25,0,-61.341544794178596,"{0: 21, 1: 1, 2: 1, 3: 0, 4: 2}",0
178,False,"{'a': 0.2, 'e': 0.3447278547672202}",20,12,-40.017516177555926,"{0: 6, 1: 0, 2: 1, 3: 0, 4: 1}",1
179,False,"{'a': 0.2, 'e': 0.3426656803483929}",30,2,-21.896727052780168,"{0: 25, 1: 0, 2: 2, 3: 0, 4: 1}",1
180,False,"{'a': 0.2, 'e': 0.3406158419310661}",25,19,13.967156281700136,"{0: 6, 1: 0, 2: 0, 3: 0, 4: 0}",1
181,False,"{'a': 0.2, 'e': 0.3385782657208353}",20,14,3.4095655997790457,"{0: 5, 1: 1, 2: 0, 3: 0, 4: 0}",1
182,False,"{'a': 0.2, 'e': 0.336552878364737}",25,14,18.219530347365364,"{0: 11, 1: 0, 2: 0, 3: 0, 4: 0}",1
183,False,"{'a': 0.2, 'e': 0.3345396069486076}",20,7,-2.6401593332256583,"{0: 10, 1: 3, 2: 0, 3: 0, 4: 0}",1
184,False,"{'a': 0.2, 'e': 0.3325383789944587}",30,20,-10.937658068895992,"{0: 7, 1: 1, 2: 2, 3: 0, 4: 0}",1
185,False,"{'a': 0.2, 'e': 0.3305491224578677}",20,15,9.05623065987061,"{0: 5, 1: 0, 2: 0, 3: 0, 4: 0}",1
186,False,"{'a': 0.2, 'e': 0.3285717657253846}",25,11,2.159368153983739,"{0: 12, 1: 0, 2: 2, 3: 0, 4: 0}",1
187,False,"{'a': 0.2, 'e': 0.3266062376119534}",20,6,6.356004498351355,"{0: 12, 1: 1, 2: 1, 3: 0, 4: 0}",1
188,False,"{'a': 0.2, 'e': 0.32465246735834974}",25,0,-15.3612430731852,"{0: 23, 1: 1, 2: 0, 3: 0, 4: 1}",0
189,False,"{'a': 0.2, 'e': 0.3227103846286335}",20,10,14.58405261364203,"{0: 9, 1: 1, 2: 0, 3: 0, 4: 0}",1
190,False,"{'a': 0.2, 'e': 0.3207799195076166}",30,16,15.007325708699433,"{0: 13, 1: 0, 2: 1, 3: 0, 4: 0}",1
191,False,"{'a': 0.2, 'e': 0.3188610024983463}",30,13,16.552815765823958,"{0: 15, 1: 2, 2: 0, 3: 0, 4: 0}",1
192,False,"{'a': 0.2, 'e': 0.31695356451960294}",20,16,6.097751862091272,"{0: 4, 1: 0, 2: 0, 3: 0, 4: 0}",1
193,False,"{'a': 0.2, 'e': 0.3150575369034133}",20,5,25.926572413962386,"{0: 15, 1: 0, 2: 0, 3: 0, 4: 0}",1
194,False,"{'a': 0.2, 'e': 0.3131728513925785}",20,14,10.552122838127998,"{0: 6, 1: 0, 2: 0, 3: 0, 4: 0}",1
195,False,"{'a': 0.2, 'e': 0.3112994401382165}",20,9,-41.06015359254888,"{0: 8, 1: 1, 2: 1, 3: 0, 4: 1}",1
196,False,"{'a': 0.2, 'e': 0.30943723569731985}",25,2,0.38442109653534495,"{0: 20, 1: 1, 2: 2, 3: 0, 4: 0}",1
197,False,"{'a': 0.2, 'e': 0.3075861710303276}",20,8,13.060461439950716,"{0: 11, 1: 0, 2: 1, 3: 0, 4: 0}",1
198,False,"{'a': 0.2, 'e': 0.30574617949871175}",20,11,4.976925188868017,"{0: 8, 1: 0, 2: 1, 3: 0, 4: 0}",1
199,False,"{'a': 0.2, 'e': 0.3039171948625785}",25,14,-1.6519340295262444,"{0: 9, 1: 1, 2: 1, 3: 0, 4: 0}",1
200,False,"{'a': 0.2, 'e': 0.3020991512782834}",25,4,13.066803721614999,"{0: 19, 1: 1, 2: 1, 3: 0, 4: 0}",1
201,False,"{'a': 0.2, 'e': 0.30029198329606105}",20,16,7.926547030473326,"{0: 4, 1: 0, 2: 0, 3: 0, 4: 0}",1
202,False,"{'a': 0.2, 'e': 0.2984956258576689}",25,11,-10.74171683142189,"{0: 11, 1: 0, 2: 3, 3: 0, 4: 0}",1
203,False,"{'a': 0.2, 'e': 0.29671001429404525}",20,14,-11.96161959687291,"{0: 4, 1: 0, 2: 2, 3: 0, 4: 0}",1
204,False,"{'a': 0.2, 'e': 0.2949350843229809}",25,13,-33.42951686952211,"{0: 10, 1: 0, 2: 1, 3: 0, 4: 1}",1
205,False,"{'a': 0.2, 'e': 0.2931707720468052}",20,6,-32.73938625585966,"{0: 10, 1: 0, 2: 3, 3: 1, 4: 0}",1
206,False,"{'a': 0.2, 'e': 0.2914170139500857}",20,8,9.591473135789112,"{0: 11, 1: 0, 2: 1, 3: 0, 4: 0}",1
207,False,"{'a': 0.2, 'e': 0.2896737468973414}",20,0,-46.19546698271975,"{0: 16, 1: 0, 2: 3, 3: 0, 4: 1}",0
208,False,"{'a': 0.2, 'e': 0.2879409081307702}",20,7,-27.2990449105246,"{0: 8, 1: 1, 2: 4, 3: 0, 4: 0}",1
209,False,"{'a': 0.2, 'e': 0.28621843526798946}",35,22,23.220417874089538,"{0: 13, 1: 0, 2: 0, 3: 0, 4: 0}",1
210,False,"{'a': 0.2, 'e': 0.2845062662997899}",30,11,16.959581459532185,"{0: 18, 1: 0, 2: 1, 3: 0, 4: 0}",1
211,False,"{'a': 0.2, 'e': 0.2828043395879039}",30,20,19.02078207142523,"{0: 10, 1: 0, 2: 0, 3: 0, 4: 0}",1
212,False,"{'a': 0.2, 'e': 0.281112593862786}",20,4,-71.03848962546847,"{0: 13, 1: 0, 2: 1, 3: 0, 4: 2}",1
213,False,"{'a': 0.2, 'e': 0.2794309682214073}",25,18,8.44192391045813,"{0: 7, 1: 0, 2: 0, 3: 0, 4: 0}",1
214,False,"{'a': 0.2, 'e': 0.2777594021250632}",25,20,9.07589699849373,"{0: 5, 1: 0, 2: 0, 3: 0, 4: 0}",1
215,False,"{'a': 0.2, 'e': 0.2760978353971936}",20,0,13.395268702487062,"{0: 19, 1: 0, 2: 1, 3: 0, 4: 0}",0
216,False,"{'a': 0.2, 'e': 0.27444620822121696}",20,3,3.6974376022253193,"{0: 15, 1: 0, 2: 2, 3: 0, 4: 0}",1
217,False,"{'a': 0.2, 'e': 0.2728044611383765}",30,9,-18.33621906008752,"{0: 19, 1: 0, 2: 1, 3: 0, 4: 1}",1
218,False,"{'a': 0.2, 'e': 0.2711725350455999}",25,9,12.726398586302906,"{0: 15, 1: 0, 2: 1, 3: 0, 4: 0}",1
219,False,"{'a': 0.2, 'e': 0.2695503711933716}",20,0,10.17574622562621,"{0: 18, 1: 1, 2: 1, 3: 0, 4: 0}",0
220,False,"{'a': 0.2, 'e': 0.26793791118361776}",20,11,16.323979340332777,"{0: 9, 1: 0, 2: 0, 3: 0, 4: 0}",1
221,False,"{'a': 0.2, 'e': 0.2663350969676039}",20,12,-3.081422072996321,"{0: 6, 1: 1, 2: 1, 3: 0, 4: 0}",1
222,False,"{'a': 0.2, 'e': 0.26474187084384504}",25,13,9.233861455303382,"{0: 10, 1: 2, 2: 0, 3: 0, 4: 0}",1
223,False,"{'a': 0.2, 'e': 0.2631581754560287}",20,9,2.23129292630326,"{0: 9, 1: 1, 2: 1, 3: 0, 4: 0}",1
224,False,"{'a': 0.2, 'e': 0.26158395379094995}",35,16,24.55911437760202,"{0: 18, 1: 1, 2: 0, 3: 0, 4: 0}",1
225,False,"{'a': 0.2, 'e': 0.26001914917645874}",20,4,16.98093730852128,"{0: 15, 1: 1, 2: 0, 3: 0, 4: 0}",1
226,False,"{'a': 0.2, 'e': 0.25846370527942}",20,11,-63.751466696340984,"{0: 4, 1: 2, 2: 2, 3: 0, 4: 1}",1
227,False,"{'a': 0.2, 'e': 0.25691756610368544}",20,11,4.782342949961503,"{0: 8, 1: 0, 2: 1, 3: 0, 4: 0}",1
228,False,"{'a': 0.2, 'e': 0.2553806759880777}",20,16,5.345572282798729,"{0: 4, 1: 0, 2: 0, 3: 0, 4: 0}",1
229,False,"{'a': 0.2, 'e': 0.2538529796043867}",30,15,21.494751252925344,"{0: 15, 1: 0, 2: 0, 3: 0, 4: 0}",1
230,False,"{'a': 0.2, 'e': 0.25233442195537764}",20,10,2.53315339079322,"{0: 9, 1: 0, 2: 1, 3: 0, 4: 0}",1
231,False,"{'a': 0.2, 'e': 0.2508249483728111}",30,18,17.005884500849685,"{0: 12, 1: 0, 2: 0, 3: 0, 4: 0}",1
232,False,"{'a': 0.2, 'e': 0.2493245045154751}",25,0,-24.10672823328698,"{0: 21, 1: 3, 2: 0, 3: 0, 4: 1}",0
233,False,"{'a': 0.2, 'e': 0.24783303636722875}",30,19,20.806246633667826,"{0: 11, 1: 0, 2: 0, 3: 0, 4: 0}",1
234,False,"{'a': 0.2, 'e': 0.24635049023505762}",20,3,-42.98223429362149,"{0: 13, 1: 1, 2: 2, 3: 0, 4: 1}",1
235,False,"{'a': 0.2, 'e': 0.24487681274714082}",20,8,-2.545941668268081,"{0: 10, 1: 0, 2: 2, 3: 0, 4: 0}",1
236,False,"{'a': 0.2, 'e': 0.24341195085092968}",20,11,-22.178269302869413,"{0: 8, 1: 0, 2: 0, 3: 0, 4: 1}",1
237,False,"{'a': 0.2, 'e': 0.24195585181123766}",20,16,9.491874161485457,"{0: 4, 1: 0, 2: 0, 3: 0, 4: 0}",1
238,False,"{'a': 0.2, 'e': 0.24050846320834213}",20,11,15.426165184640501,"{0: 9, 1: 0, 2: 0, 3: 0, 4: 0}",1
239,False,"{'a': 0.2, 'e': 0.23906973293609704}",30,12,11.906069645167026,"{0: 16, 1: 1, 2: 1, 3: 0, 4: 0}",1
240,False,"{'a': 0.2, 'e': 0.2376396092000572}",30,14,2.915159489497774,"{0: 14, 1: 1, 2: 1, 3: 0, 4: 0}",1
241,False,"{'a': 0.2, 'e': 0.23621804051561368}",20,16,7.49686330341956,"{0: 4, 1: 0, 2: 0, 3: 0, 4: 0}",1
242,False,"{'a': 0.2, 'e': 0.2348049757061403}",20,9,19.321793143799955,"{0: 11, 1: 0, 2: 0, 3: 0, 4: 0}",1
243,False,"{'a': 0.2, 'e': 0.23340036390115132}",20,11,16.534717803690988,"{0: 9, 1: 0, 2: 0, 3: 0, 4: 0}",1
244,False,"{'a': 0.2, 'e': 0.23200415453447004}",20,0,-37.951327169662896,"{0: 17, 1: 0, 2: 2, 3: 0, 4: 1}",0
245,False,"{'a': 0.2, 'e': 0.2306162973424085}",30,17,5.758336887715015,"{0: 11, 1: 1, 2: 1, 3: 0, 4: 0}",1
246,False,"{'a': 0.2, 'e': 0.22923674236195785}",20,15,0.8094362356979115,"{0: 4, 1: 1, 2: 0, 3: 0, 4: 0}",1
247,False,"{'a': 0.2, 'e': 0.22786543992898983}",30,23,4.70034394858718,"{0: 6, 1: 1, 2: 0, 3: 0, 4: 0}",1
248,False,"{'a': 0.2, 'e': 0.22650234067646874}",20,11,-5.222393684815688,"{0: 7, 1: 0, 2: 2, 3: 0, 4: 0}",1
249,False,"{'a': 0.2, 'e': 0.22514739553267432}",25,18,1.102326973686329,"{0: 6, 1: 0, 2: 1, 3: 0, 4: 0}",1
250,False,"{'a': 0.2, 'e': 0.223800555719435}",25,10,-1.3222540307831405,"{0: 12, 1: 1, 2: 2, 3: 0, 4: 0}",1
251,False,"{'a': 0.2, 'e': 0.22246177275037207}",25,12,22.470078031276238,"{0: 13, 1: 0, 2: 0, 3: 0, 4: 0}",1
252,False,"{'a': 0.2, 'e': 0.22113099842915407}",25,17,17.808144795316416,"{0: 8, 1: 0, 2: 0, 3: 0, 4: 0}",1
253,False,"{'a': 0.2, 'e': 0.21980818484776168}",20,10,19.163495851647355,"{0: 10, 1: 0, 2: 0, 3: 0, 4: 0}",1
254,False,"{'a': 0.2, 'e': 0.21849328438476312}",25,15,12.257191271075627,"{0: 9, 1: 1, 2: 0, 3: 0, 4: 0}",1
255,False,"{'a': 0.2, 'e': 0.21718624970359973}",20,2,4.61559406327338,"{0: 16, 1: 0, 2: 2, 3: 0, 4: 0}",1
256,False,"{'a': 0.2, 'e': 0.2158870337508818}",30,4,-32.25685584003414,"{0: 22, 1: 1, 2: 2, 3: 0, 4: 1}",1
257,False,"{'a': 0.2, 'e': 0.21459558975469478}",20,13,2.1258608606432308,"{0: 6, 1: 0, 2: 1, 3: 0, 4: 0}",1
258,False,"{'a': 0.2, 'e': 0.21331187122291523}",25,16,-7.894743376036687,"{0: 7, 1: 0, 2: 2, 3: 0, 4: 0}",1
259,False,"{'a': 0.2, 'e': 0.2120358319415374}",20,13,-22.205785302013936,"{0: 5, 1: 0, 2: 1, 3: 1, 4: 0}",1
260,False,"{'a': 0.2, 'e': 0.2107674259730094}",30,15,23.621951039201793,"{0: 15, 1: 0, 2: 0, 3: 0, 4: 0}",1
261,False,"{'a': 0.2, 'e': 0.20950660765457932}",20,8,-2.8923545108737567,"{0: 10, 1: 0, 2: 2, 3: 0, 4: 0}",1
262,False,"{'a': 0.2, 'e': 0.20825333159665155}",20,12,4.172107925656665,"{0: 7, 1: 0, 2: 1, 3: 0, 4: 0}",1
263,False,"{'a': 0.2, 'e': 0.20700755268115265}",30,6,20.475825059205203,"{0: 22, 1: 1, 2: 1, 3: 0, 4: 0}",1
264,False,"{'a': 0.2, 'e': 0.20576922605990708}",20,0,-13.519763982161244,"{0: 15, 1: 3, 2: 2, 3: 0, 4: 0}",1
265,False,"{'a': 0.2, 'e': 0.2045383071530228}",25,18,-0.028883350252880025,"{0: 6, 1: 0, 2: 1, 3: 0, 4: 0}",1
266,False,"{'a': 0.2, 'e': 0.20331475164728618}",25,11,-16.229152359412904,"{0: 13, 1: 0, 2: 0, 3: 0, 4: 1}",1
267,False,"{'a': 0.2, 'e': 0.2020985154945669}",20,11,-9.971048962499385,"{0: 7, 1: 1, 2: 0, 3: 1, 4: 0}",1
268,False,"{'a': 0.2, 'e': 0.20088955491023208}",20,13,11.571089764131862,"{0: 7, 1: 0, 2: 0, 3: 0, 4: 0}",1
269,False,"{'a': 0.2, 'e': 0.19968782637157012}",25,13,-2.9788971205336408,"{0: 10, 1: 0, 2: 2, 3: 0, 4: 0}",1
270,False,"{'a': 0.2, 'e': 0.19849328661622387}",20,16,7.010556788355778,"{0: 4, 1: 0, 2: 0, 3: 0, 4: 0}",1
271,False,"{'a': 0.2, 'e': 0.19730589264063308}",20,14,11.454371750923254,"{0: 6, 1: 0, 2: 0, 3: 0, 4: 0}",1
272,False,"{'a': 0.2, 'e': 0.19612560169848642}",25,11,-13.588028528372432,"{0: 13, 1: 0, 2: 0, 3: 0, 4: 1}",1
273,False,"{'a': 0.2, 'e': 0.1949523712991825}",20,13,-2.0254749248540778,"{0: 6, 1: 0, 2: 1, 3: 0, 4: 0}",1
274,False,"{'a': 0.2, 'e': 0.1937861592063002}",20,11,5.596984280995812,"{0: 8, 1: 0, 2: 1, 3: 0, 4: 0}",1
275,False,"{'a': 0.2, 'e': 0.19262692343607832}",25,8,19.349993922122813,"{0: 16, 1: 0, 2: 1, 3: 0, 4: 0}",1
276,False,"{'a': 0.2, 'e': 0.19147462225590384}",20,0,1.177253139636547,"{0: 17, 1: 1, 2: 2, 3: 0, 4: 0}",0
277,False,"{'a': 0.2, 'e': 0.19032921418280985}",30,19,8.113560772043488,"{0: 10, 1: 0, 2: 1, 3: 0, 4: 0}",1
278,False,"{'a': 0.2, 'e': 0.18919065798198204}",25,3,5.8331295437324595,"{0: 19, 1: 1, 2: 2, 3: 0, 4: 0}",1
279,False,"{'a': 0.2, 'e': 0.18805891266527416}",25,18,11.484137295239226,"{0: 7, 1: 0, 2: 0, 3: 0, 4: 0}",1
280,False,"{'a': 0.2, 'e': 0.18693393748973264}",35,16,-55.28717632137382,"{0: 16, 1: 1, 2: 0, 3: 0, 4: 2}",1
281,False,"{'a': 0.2, 'e': 0.18581569195612965}",20,16,7.572161077818234,"{0: 4, 1: 0, 2: 0, 3: 0, 4: 0}",1
282,False,"{'a': 0.2, 'e': 0.1847041358075052}",25,2,9.6988357257838,"{0: 21, 1: 0, 2: 2, 3: 0, 4: 0}",1
283,False,"{'a': 0.2, 'e': 0.18359922902771786}",25,13,7.1930927666683635,"{0: 11, 1: 0, 2: 1, 3: 0, 4: 0}",1
284,False,"{'a': 0.2, 'e': 0.1825009318400043}",20,0,-9.827653451636296,"{0: 16, 1: 1, 2: 3, 3: 0, 4: 0}",0
285,False,"{'a': 0.2, 'e': 0.18140920470554706}",20,8,19.187899536771205,"{0: 11, 1: 1, 2: 0, 3: 0, 4: 0}",1
286,False,"{'a': 0.2, 'e': 0.18032400832205148}",25,8,-22.775634282472602,"{0: 15, 1: 0, 2: 1, 3: 0, 4: 1}",1
287,False,"{'a': 0.2, 'e': 0.1792453036223305}",25,9,-9.286751566025362,"{0: 14, 1: 0, 2: 1, 3: 1, 4: 0}",1
288,False,"{'a': 0.2, 'e': 0.1781730517728984}",20,14,9.500384811444288,"{0: 6, 1: 0, 2: 0, 3: 0, 4: 0}",1
289,False,"{'a': 0.2, 'e': 0.17710721417257289}",30,22,5.724624244962322,"{0: 7, 1: 0, 2: 1, 3: 0, 4: 0}",1
290,False,"{'a': 0.2, 'e': 0.17604775245108517}",25,11,22.76470318748907,"{0: 14, 1: 0, 2: 0, 3: 0, 4: 0}",1
291,False,"{'a': 0.2, 'e': 0.17499462846769887}",35,12,19.03378788692399,"{0: 21, 1: 0, 2: 2, 3: 0, 4: 0}",1
292,False,"{'a': 0.2, 'e': 0.17394780430983683}",20,16,8.272512833518295,"{0: 4, 1: 0, 2: 0, 3: 0, 4: 0}",1
293,False,"{'a': 0.2, 'e': 0.17290724229171636}",20,0,9.579264179342381,"{0: 18, 1: 0, 2: 2, 3: 0, 4: 0}",1
294,False,"{'a': 0.2, 'e': 0.1718729049529924}",25,14,11.218732071623114,"{0: 10, 1: 1, 2: 0, 3: 0, 4: 0}",1
295,False,"{'a': 0.2, 'e': 0.170844755057409}",20,9,19.93661075629775,"{0: 11, 1: 0, 2: 0, 3: 0, 4: 0}",1
296,False,"{'a': 0.2, 'e': 0.16982275559145898}",25,17,16.217542952378242,"{0: 8, 1: 0, 2: 0, 3: 0, 4: 0}",1
297,False,"{'a': 0.2, 'e': 0.1688068697630511}",20,11,19.239681291321535,"{0: 9, 1: 0, 2: 0, 3: 0, 4: 0}",1
298,False,"{'a': 0.2, 'e': 0.16779706100018585}",20,2,3.3571911319717445,"{0: 15, 1: 1, 2: 2, 3: 0, 4: 0}",1
299,False,"{'a': 0.2, 'e': 0.16679329294963874}",20,13,-0.1395889989866126,"{0: 6, 1: 0, 2: 1, 3: 0, 4: 0}",1
300,False,"{'a': 0.2, 'e': 0.16579552947565152}",20,15,10.734112726355374,"{0: 5, 1: 0, 2: 0, 3: 0, 4: 0}",1
301,False,"{'a': 0.2, 'e': 0.16480373465863135}",25,16,17.882122022152274,"{0: 9, 1: 0, 2: 0, 3: 0, 4: 0}",1
302,False,"{'a': 0.2, 'e': 0.16381787279385768}",20,11,2.8938809456826258,"{0: 8, 1: 0, 2: 1, 3: 0, 4: 0}",1
303,False,"{'a': 0.2, 'e': 0.16283790839019696}",20,16,8.640185950097855,"{0: 4, 1: 0, 2: 0, 3: 0, 4: 0}",1
304,False,"{'a': 0.2, 'e': 0.16186380616882481}",20,11,16.229480679691328,"{0: 9, 1: 0, 2: 0, 3: 0, 4: 0}",1
305,False,"{'a': 0.2, 'e': 0.16089553106195606}",30,2,22.47104492313448,"{0: 26, 1: 0, 2: 2, 3: 0, 4: 0}",1
306,False,"{'a': 0.2, 'e': 0.15993304821158225}",20,14,12.988510928151012,"{0: 6, 1: 0, 2: 0, 3: 0, 4: 0}",1
307,False,"{'a': 0.2, 'e': 0.15897632296821687}",20,10,18.899304570512196,"{0: 10, 1: 0, 2: 0, 3: 0, 4: 0}",1
308,False,"{'a': 0.2, 'e': 0.1580253208896478}",30,21,17.065403599826393,"{0: 9, 1: 0, 2: 0, 3: 0, 4: 0}",1
309,False,"{'a': 0.2, 'e': 0.1570800077396975}",20,12,8.84744752433774,"{0: 7, 1: 1, 2: 0, 3: 0, 4: 0}",1
310,False,"{'a': 0.2, 'e': 0.15614034948699052}",30,13,20.047071957784084,"{0: 16, 1: 0, 2: 1, 3: 0, 4: 0}",1
311,False,"{'a': 0.2, 'e': 0.15520631230372822}",20,0,-9.87175674717292,"{0: 19, 1: 0, 2: 0, 3: 0, 4: 1}",0
312,False,"{'a': 0.2, 'e': 0.15427786256447115}",20,16,7.932764537532795,"{0: 4, 1: 0, 2: 0, 3: 0, 4: 0}",1
313,False,"{'a': 0.2, 'e': 0.15335496684492847}",25,11,24.4202272518725,"{0: 14, 1: 0, 2: 0, 3: 0, 4: 0}",1
314,False,"{'a': 0.2, 'e': 0.15243759192075454}",30,8,11.027370315950497,"{0: 20, 1: 0, 2: 2, 3: 0, 4: 0}",1
315,False,"{'a': 0.2, 'e': 0.15152570476635302}",20,7,1.7486462459743688,"{0: 11, 1: 1, 2: 1, 3: 0, 4: 0}",1
316,False,"{'a': 0.2, 'e': 0.15061927255368793}",30,10,-2.2040146256869475,"{0: 16, 1: 2, 2: 2, 3: 0, 4: 0}",1
317,False,"{'a': 0.2, 'e': 0.14971826265110164}",20,15,10.001602502945165,"{0: 5, 1: 0, 2: 0, 3: 0, 4: 0}",1
318,False,"{'a': 0.2, 'e': 0.14882264262214037}",20,11,5.709493306733438,"{0: 8, 1: 0, 2: 1, 3: 0, 4: 0}",1
319,False,"{'a': 0.2, 'e': 0.1479323802243864}",20,12,15.30269559462543,"{0: 8, 1: 0, 2: 0, 3: 0, 4: 0}",1
320,False,"{'a': 0.2, 'e': 0.1470474434082972}",25,5,33.91942475260031,"{0: 20, 1: 0, 2: 0, 3: 0, 4: 0}",1
321,False,"{'a': 0.2, 'e': 0.14616780031605184}",35,23,24.462490256332014,"{0: 12, 1: 0, 2: 0, 3: 0, 4: 0}",1
322,False,"{'a': 0.2, 'e': 0.145293419280404}",30,16,15.934142609390895,"{0: 13, 1: 0, 2: 1, 3: 0, 4: 0}",1
323,False,"{'a': 0.2, 'e': 0.14442426882354198}",20,12,4.464848686498222,"{0: 7, 1: 0, 2: 1, 3: 0, 4: 0}",1
324,False,"{'a': 0.2, 'e': 0.14356031765595542}",20,3,1.8139916181399534,"{0: 16, 1: 0, 2: 0, 3: 1, 4: 0}",1
325,False,"{'a': 0.2, 'e': 0.14270153467530902}",20,15,-1.5266335763026206,"{0: 4, 1: 0, 2: 1, 3: 0, 4: 0}",1
326,False,"{'a': 0.2, 'e': 0.14184788896532272}",35,26,16.956833561065586,"{0: 9, 1: 0, 2: 0, 3: 0, 4: 0}",1
327,False,"{'a': 0.2, 'e': 0.14099934979465875}",20,13,13.25091102783993,"{0: 7, 1: 0, 2: 0, 3: 0, 4: 0}",1
328,False,"{'a': 0.2, 'e': 0.14015588661581535}",25,13,22.449164859330587,"{0: 12, 1: 0, 2: 0, 3: 0, 4: 0}",1
329,False,"{'a': 0.2, 'e': 0.13931746906402698}",20,10,17.0567915398925,"{0: 10, 1: 0, 2: 0, 3: 0, 4: 0}",1
330,False,"{'a': 0.2, 'e': 0.13848406695617121}",25,15,18.623748255467405,"{0: 10, 1: 0, 2: 0, 3: 0, 4: 0}",1
331,False,"{'a': 0.2, 'e': 0.13765565028968216}",20,5,10.826911033868157,"{0: 13, 1: 1, 2: 1, 3: 0, 4: 0}",1
332,False,"{'a': 0.2, 'e': 0.13683218924147036}",25,13,17.984931991358607,"{0: 12, 1: 0, 2: 0, 3: 0, 4: 0}",1
333,False,"{'a': 0.2, 'e': 0.13601365416684916}",30,16,30.95536579800589,"{0: 14, 1: 0, 2: 0, 3: 0, 4: 0}",1
334,False,"{'a': 0.2, 'e': 0.13520001559846748}",20,11,16.91016677061358,"{0: 9, 1: 0, 2: 0, 3: 0, 4: 0}",1
335,False,"{'a': 0.2, 'e': 0.1343912442452489}",30,17,-15.620231714453892,"{0: 12, 1: 0, 2: 0, 3: 0, 4: 1}",1
336,False,"{'a': 0.2, 'e': 0.13358731099133747}",20,3,17.534477141148525,"{0: 16, 1: 0, 2: 1, 3: 0, 4: 0}",1
337,False,"{'a': 0.2, 'e': 0.13278818689504915}",30,11,36.130500951426114,"{0: 19, 1: 0, 2: 0, 3: 0, 4: 0}",1
338,False,"{'a': 0.2, 'e': 0.13199384318783022}",20,16,9.322497690107188,"{0: 4, 1: 0, 2: 0, 3: 0, 4: 0}",1
339,False,"{'a': 0.2, 'e': 0.13120425127322136}",30,16,13.002786184910352,"{0: 13, 1: 0, 2: 1, 3: 0, 4: 0}",1
340,False,"{'a': 0.2, 'e': 0.13041938272582848}",30,12,36.7918135855075,"{0: 18, 1: 0, 2: 0, 3: 0, 4: 0}",1
341,False,"{'a': 0.2, 'e': 0.12963920929029896}",20,12,-25.960048265018656,"{0: 7, 1: 0, 2: 0, 3: 0, 4: 1}",1
342,False,"{'a': 0.2, 'e': 0.12886370288030502}",20,14,-1.4089300029550746,"{0: 5, 1: 0, 2: 1, 3: 0, 4: 0}",1
343,False,"{'a': 0.2, 'e': 0.12809283557753198}",30,15,6.897896136101523,"{0: 13, 1: 0, 2: 2, 3: 0, 4: 0}",1
344,False,"{'a': 0.2, 'e': 0.12732657963067387}",25,16,18.600367334589837,"{0: 9, 1: 0, 2: 0, 3: 0, 4: 0}",1
345,False,"{'a': 0.2, 'e': 0.12656490745443366}",25,20,11.190510274834654,"{0: 5, 1: 0, 2: 0, 3: 0, 4: 0}",1
346,False,"{'a': 0.2, 'e': 0.12580779162853092}",20,15,10.479420005132607,"{0: 5, 1: 0, 2: 0, 3: 0, 4: 0}",1
347,False,"{'a': 0.2, 'e': 0.12505520489671398}",20,8,11.780219248763025,"{0: 11, 1: 0, 2: 1, 3: 0, 4: 0}",1
348,False,"{'a': 0.2, 'e': 0.12430712016577938}",20,15,9.391102721678937,"{0: 5, 1: 0, 2: 0, 3: 0, 4: 0}",1
349,False,"{'a': 0.2, 'e': 0.12356351050459588}",20,9,22.02488962050111,"{0: 11, 1: 0, 2: 0, 3: 0, 4: 0}",1
350,False,"{'a': 0.2, 'e': 0.12282434914313546}",20,13,-19.96650806519628,"{0: 5, 1: 0, 2: 1, 3: 1, 4: 0}",1
351,False,"{'a': 0.2, 'e': 0.1220896094715092}",20,12,16.126920799956494,"{0: 8, 1: 0, 2: 0, 3: 0, 4: 0}",1
352,False,"{'a': 0.2, 'e': 0.12135926503900965}",20,14,11.681251824348358,"{0: 6, 1: 0, 2: 0, 3: 0, 4: 0}",1
353,False,"{'a': 0.2, 'e': 0.12063328955315826}",20,8,21.887256953952335,"{0: 12, 1: 0, 2: 0, 3: 0, 4: 0}",1
354,False,"{'a': 0.2, 'e': 0.11991165687875927}",20,14,9.723506661278133,"{0: 6, 1: 0, 2: 0, 3: 0, 4: 0}",1
355,False,"{'a': 0.2, 'e': 0.11919434103695832}",20,0,31.413458160678214,"{0: 20, 1: 0, 2: 0, 3: 0, 4: 0}",1
356,False,"{'a': 0.2, 'e': 0.11848131620430775}",20,10,12.600220255872774,"{0: 10, 1: 0, 2: 0, 3: 0, 4: 0}",1
357,False,"{'a': 0.2, 'e': 0.1177725567118365}",25,12,25.804247980577273,"{0: 13, 1: 0, 2: 0, 3: 0, 4: 0}",1
358,False,"{'a': 0.2, 'e': 0.11706803704412637}",20,14,10.103430592386582,"{0: 6, 1: 0, 2: 0, 3: 0, 4: 0}",1
359,False,"{'a': 0.2, 'e': 0.11636773183839315}",20,12,13.560094146107804,"{0: 8, 1: 0, 2: 0, 3: 0, 4: 0}",1
360,False,"{'a': 0.2, 'e': 0.11567161588357389}",20,16,6.785738565920573,"{0: 4, 1: 0, 2: 0, 3: 0, 4: 0}",1
361,False,"{'a': 0.2, 'e': 0.11497966411941893}",25,8,19.936295146723936,"{0: 16, 1: 0, 2: 1, 3: 0, 4: 0}",1
362,False,"{'a': 0.2, 'e': 0.11429185163559014}",25,15,17.65320726788673,"{0: 10, 1: 0, 2: 0, 3: 0, 4: 0}",1
363,False,"{'a': 0.2, 'e': 0.11360815367076371}",20,10,9.262603193814206,"{0: 9, 1: 0, 2: 1, 3: 0, 4: 0}",1
364,False,"{'a': 0.2, 'e': 0.11292854561173918}",25,10,23.552867265566444,"{0: 15, 1: 0, 2: 0, 3: 0, 4: 0}",1
365,False,"{'a': 0.2, 'e': 0.11225300299255297}",30,11,-13.77040394776601,"{0: 17, 1: 1, 2: 0, 3: 0, 4: 1}",1
366,False,"{'a': 0.2, 'e': 0.11158150149359779}",25,13,24.59861790323766,"{0: 12, 1: 0, 2: 0, 3: 0, 4: 0}",1
367,False,"{'a': 0.2, 'e': 0.11091401694074722}",30,16,26.891795856839504,"{0: 14, 1: 0, 2: 0, 3: 0, 4: 0}",1
368,False,"{'a': 0.2, 'e': 0.11025052530448522}",25,15,20.2738753337005,"{0: 10, 1: 0, 2: 0, 3: 0, 4: 0}",1
369,False,"{'a': 0.2, 'e': 0.10959100269904129}",20,16,10.453652262551074,"{0: 4, 1: 0, 2: 0, 3: 0, 4: 0}",1
370,False,"{'a': 0.2, 'e': 0.10893542538153032}",20,10,-41.346764274716676,"{0: 7, 1: 1, 2: 1, 3: 0, 4: 1}",1
371,False,"{'a': 0.2, 'e': 0.10828376975109819}",20,0,-5.910258306607426,"{0: 19, 1: 0, 2: 0, 3: 0, 4: 1}",0
372,False,"{'a': 0.2, 'e': 0.10763601234807169}",20,13,13.101975282522343,"{0: 7, 1: 0, 2: 0, 3: 0, 4: 0}",1
373,False,"{'a': 0.2, 'e': 0.10699212985311449}",25,15,12.20308854620755,"{0: 9, 1: 1, 2: 0, 3: 0, 4: 0}",1
374,False,"{'a': 0.2, 'e': 0.1063520990863871}",25,11,21.73363040693232,"{0: 13, 1: 1, 2: 0, 3: 0, 4: 0}",1
375,False,"{'a': 0.2, 'e': 0.10571589700671291}",30,13,32.19531540887025,"{0: 17, 1: 0, 2: 0, 3: 0, 4: 0}",1
376,False,"{'a': 0.2, 'e': 0.10508350071074826}",20,10,20.035430317957147,"{0: 10, 1: 0, 2: 0, 3: 0, 4: 0}",1
377,False,"{'a': 0.2, 'e': 0.10445488743215826}",25,17,13.776039804015944,"{0: 8, 1: 0, 2: 0, 3: 0, 4: 0}",1
378,False,"{'a': 0.2, 'e': 0.10383003454079692}",25,14,18.990259350391835,"{0: 11, 1: 0, 2: 0, 3: 0, 4: 0}",1
379,False,"{'a': 0.2, 'e': 0.10320891954189276}",20,16,8.424682957521178,"{0: 4, 1: 0, 2: 0, 3: 0, 4: 0}",1
380,False,"{'a': 0.2, 'e': 0.10259152007523863}",20,9,4.46252952643142,"{0: 9, 1: 1, 2: 1, 3: 0, 4: 0}",1
381,False,"{'a': 0.2, 'e': 0.10197781391438715}",25,15,17.731659748492657,"{0: 10, 1: 0, 2: 0, 3: 0, 4: 0}",1
382,False,"{'a': 0.2, 'e': 0.10136777896585017}",20,12,-25.267356243564244,"{0: 7, 1: 0, 2: 0, 3: 0, 4: 1}",1
383,False,"{'a': 0.2, 'e': 0.10076139326830373}",30,20,7.020563156641918,"{0: 9, 1: 0, 2: 1, 3: 0, 4: 0}",1
384,False,"{'a': 0.2, 'e': 0.10015863499179714}",25,8,31.018877142086033,"{0: 17, 1: 0, 2: 0, 3: 0, 4: 0}",1
385,False,"{'a': 0.2, 'e': 0.09955948243696745}",25,6,18.037065253452518,"{0: 18, 1: 0, 2: 1, 3: 0, 4: 0}",1
386,False,"{'a': 0.2, 'e': 0.0989639140342579}",30,16,21.21749060884224,"{0: 13, 1: 1, 2: 0, 3: 0, 4: 0}",1
387,False,"{'a': 0.2, 'e': 0.09837190834314173}",20,13,11.934083989404304,"{0: 7, 1: 0, 2: 0, 3: 0, 4: 0}",1
388,False,"{'a': 0.2, 'e': 0.09778344405135005}",20,13,-0.8634827477917726,"{0: 6, 1: 0, 2: 1, 3: 0, 4: 0}",1
389,False,"{'a': 0.2, 'e': 0.09719849997410487}",25,17,14.977450372946233,"{0: 8, 1: 0, 2: 0, 3: 0, 4: 0}",1
390,False,"{'a': 0.2, 'e': 0.09661705505335619}",35,19,10.431847519864926,"{0: 14, 1: 1, 2: 1, 3: 0, 4: 0}",1
391,False,"{'a': 0.2, 'e': 0.09603908835702411}",20,11,17.11761626122407,"{0: 9, 1: 0, 2: 0, 3: 0, 4: 0}",1
392,False,"{'a': 0.2, 'e': 0.0954645790782451}",25,11,20.45361616009889,"{0: 14, 1: 0, 2: 0, 3: 0, 4: 0}",1
393,False,"{'a': 0.2, 'e': 0.09489350653462311}",30,18,5.884973675665918,"{0: 10, 1: 1, 2: 1, 3: 0, 4: 0}",1
394,False,"{'a': 0.2, 'e': 0.09432585016748485}",25,13,9.722769273220356,"{0: 11, 1: 0, 2: 1, 3: 0, 4: 0}",1
395,False,"{'a': 0.2, 'e': 0.09376158954113986}",25,16,18.17513132925119,"{0: 9, 1: 0, 2: 0, 3: 0, 4: 0}",1
396,False,"{'a': 0.2, 'e': 0.09320070434214457}",20,8,8.783488225110192,"{0: 11, 1: 0, 2: 1, 3: 0, 4: 0}",1
397,False,"{'a': 0.2, 'e': 0.09264317437857132}",20,2,28.651327532055777,"{0: 18, 1: 0, 2: 0, 3: 0, 4: 0}",1
398,False,"{'a': 0.2, 'e': 0.09208897957928115}",25,12,15.669014058254575,"{0: 12, 1: 1, 2: 0, 3: 0, 4: 0}",1
399,False,"{'a': 0.2, 'e': 0.09153809999320149}",20,12,-27.965276488715475,"{0: 7, 1: 0, 2: 0, 3: 0, 4: 1}",1
400,False,"{'a': 0.2, 'e': 0.09099051578860767}",25,15,20.390852860675093,"{0: 10, 1: 0, 2: 0, 3: 0, 4: 0}",1
401,False,"{'a': 0.2, 'e': 0.09044620725240926}",35,15,37.62058338788244,"{0: 20, 1: 0, 2: 0, 3: 0, 4: 0}",1
402,False,"{'a': 0.2, 'e': 0.08990515478944011}",20,10,8.059568181104138,"{0: 9, 1: 0, 2: 1, 3: 0, 4: 0}",1
403,False,"{'a': 0.2, 'e': 0.08936733892175319}",20,13,2.6013573812052035,"{0: 6, 1: 0, 2: 1, 3: 0, 4: 0}",1
404,False,"{'a': 0.2, 'e': 0.08883274028791908}",25,7,34.8548257448783,"{0: 18, 1: 0, 2: 0, 3: 0, 4: 0}",1
405,False,"{'a': 0.2, 'e': 0.08830133964232935}",25,7,18.316205538650724,"{0: 17, 1: 0, 2: 1, 3: 0, 4: 0}",1
406,False,"{'a': 0.2, 'e': 0.08777311785450327}",25,15,11.958130590447972,"{0: 9, 1: 1, 2: 0, 3: 0, 4: 0}",1
407,False,"{'a': 0.2, 'e': 0.08724805590839944}",20,3,-19.341824420880094,"{0: 15, 1: 0, 2: 1, 3: 0, 4: 1}",1
408,False,"{'a': 0.2, 'e': 0.08672613490173114}",20,9,-23.384193483068337,"{0: 10, 1: 0, 2: 0, 3: 0, 4: 1}",1
409,False,"{'a': 0.2, 'e': 0.08620733604528572}",30,16,21.22777389142349,"{0: 14, 1: 0, 2: 0, 3: 0, 4: 0}",1
410,False,"{'a': 0.2, 'e': 0.08569164066224835}",25,15,-5.290190205691278,"{0: 8, 1: 1, 2: 1, 3: 0, 4: 0}",1
411,False,"{'a': 0.2, 'e': 0.0851790301875295}",20,9,24.84510057711551,"{0: 11, 1: 0, 2: 0, 3: 0, 4: 0}",1
412,False,"{'a': 0.2, 'e': 0.08466948616709678}",25,11,21.70025885285139,"{0: 13, 1: 1, 2: 0, 3: 0, 4: 0}",1
413,False,"{'a': 0.2, 'e': 0.08416299025731036}",30,21,16.042807156853804,"{0: 9, 1: 0, 2: 0, 3: 0, 4: 0}",1
414,False,"{'a': 0.2, 'e': 0.08365952422426286}",25,7,13.875196922643198,"{0: 17, 1: 0, 2: 1, 3: 0, 4: 0}",1
415,False,"{'a': 0.2, 'e': 0.08315906994312262}",20,14,12.0330738332021,"{0: 6, 1: 0, 2: 0, 3: 0, 4: 0}",1
416,False,"{'a': 0.2, 'e': 0.08266160939748157}",20,6,26.13483776120819,"{0: 14, 1: 0, 2: 0, 3: 0, 4: 0}",1
417,False,"{'a': 0.2, 'e': 0.08216712467870625}",20,13,15.711332836549207,"{0: 7, 1: 0, 2: 0, 3: 0, 4: 0}",1
418,False,"{'a': 0.2, 'e': 0.08167559798529346}",20,16,9.813849832264706,"{0: 4, 1: 0, 2: 0, 3: 0, 4: 0}",1
419,False,"{'a': 0.2, 'e': 0.08118701162222909}",25,3,26.627541967642706,"{0: 21, 1: 0, 2: 1, 3: 0, 4: 0}",1
420,False,"{'a': 0.2, 'e': 0.08070134800035135}",20,13,1.233006626876846,"{0: 6, 1: 0, 2: 1, 3: 0, 4: 0}",1
421,False,"{'a': 0.2, 'e': 0.08021858963571736}",20,5,23.056242238911658,"{0: 15, 1: 0, 2: 0, 3: 0, 4: 0}",1
422,False,"{'a': 0.2, 'e': 0.0797387191489739}",20,9,17.454701262881414,"{0: 11, 1: 0, 2: 0, 3: 0, 4: 0}",1
423,False,"{'a': 0.2, 'e': 0.07926171926473155}",30,14,21.5651311940408,"{0: 15, 1: 0, 2: 1, 3: 0, 4: 0}",1
424,False,"{'a': 0.2, 'e': 0.07878757281094306}",20,8,20.93041671210776,"{0: 12, 1: 0, 2: 0, 3: 0, 4: 0}",1
425,False,"{'a': 0.2, 'e': 0.07831626271828479}",25,17,13.660223347745593,"{0: 8, 1: 0, 2: 0, 3: 0, 4: 0}",1
426,False,"{'a': 0.2, 'e': 0.07784777201954257}",20,10,20.101981582311485,"{0: 10, 1: 0, 2: 0, 3: 0, 4: 0}",1
427,False,"{'a': 0.2, 'e': 0.0773820838490006}",20,11,17.4429916478323,"{0: 9, 1: 0, 2: 0, 3: 0, 4: 0}",1
428,False,"{'a': 0.2, 'e': 0.0769191814418345}",20,6,12.453807214094718,"{0: 13, 1: 0, 2: 1, 3: 0, 4: 0}",1
429,False,"{'a': 0.2, 'e': 0.07645904813350755}",25,7,22.46942174293276,"{0: 17, 1: 0, 2: 1, 3: 0, 4: 0}",1
430,False,"{'a': 0.2, 'e': 0.07600166735917104}",20,9,19.656170111388214,"{0: 11, 1: 0, 2: 0, 3: 0, 4: 0}",1
431,False,"{'a': 0.2, 'e': 0.0755470226530676}",20,9,5.010317377386132,"{0: 10, 1: 0, 2: 1, 3: 0, 4: 0}",1
432,False,"{'a': 0.2, 'e': 0.0750950976479388}",25,11,-19.181862930358577,"{0: 13, 1: 0, 2: 0, 3: 0, 4: 1}",1
433,False,"{'a': 0.2, 'e': 0.07464587607443557}",20,13,5.565413320766382,"{0: 6, 1: 1, 2: 0, 3: 0, 4: 0}",1
434,False,"{'a': 0.2, 'e': 0.07419934176053282}",20,12,14.669195710401013,"{0: 8, 1: 0, 2: 0, 3: 0, 4: 0}",1
435,False,"{'a': 0.2, 'e': 0.07375547863094695}",20,12,14.105724151304507,"{0: 8, 1: 0, 2: 0, 3: 0, 4: 0}",1
436,False,"{'a': 0.2, 'e': 0.07331427070655744}",25,15,15.236985876808749,"{0: 10, 1: 0, 2: 0, 3: 0, 4: 0}",1
437,False,"{'a': 0.2, 'e': 0.07287570210383128}",25,15,21.416032503979675,"{0: 10, 1: 0, 2: 0, 3: 0, 4: 0}",1
438,False,"{'a': 0.2, 'e': 0.07243975703425146}",20,2,32.98204512384935,"{0: 18, 1: 0, 2: 0, 3: 0, 4: 0}",1
439,False,"{'a': 0.2, 'e': 0.07200641980374836}",20,16,7.440172274453215,"{0: 4, 1: 0, 2: 0, 3: 0, 4: 0}",1
440,False,"{'a': 0.2, 'e': 0.07157567481213492}",20,6,24.322903084847102,"{0: 14, 1: 0, 2: 0, 3: 0, 4: 0}",1
441,False,"{'a': 0.2, 'e': 0.07114750655254487}",20,13,14.355567113924776,"{0: 7, 1: 0, 2: 0, 3: 0, 4: 0}",1
442,False,"{'a': 0.2, 'e': 0.07072189961087469}",30,16,23.953011445638488,"{0: 14, 1: 0, 2: 0, 3: 0, 4: 0}",1
443,False,"{'a': 0.2, 'e': 0.07029883866522844}",25,14,-3.5948742909264046,"{0: 9, 1: 0, 2: 2, 3: 0, 4: 0}",1
444,False,"{'a': 0.2, 'e': 0.06987830848536646}",25,20,9.62888812608099,"{0: 5, 1: 0, 2: 0, 3: 0, 4: 0}",1
445,False,"{'a': 0.2, 'e': 0.06946029393215677}",20,15,10.775042616022672,"{0: 5, 1: 0, 2: 0, 3: 0, 4: 0}",1
446,False,"{'a': 0.2, 'e': 0.06904477995703041}",30,24,10.35388220721093,"{0: 6, 1: 0, 2: 0, 3: 0, 4: 0}",1
447,False,"{'a': 0.2, 'e': 0.0686317516014393}",30,4,28.329002730739976,"{0: 25, 1: 0, 2: 1, 3: 0, 4: 0}",1
448,False,"{'a': 0.2, 'e': 0.06822119399631812}",25,9,-20.521930857776788,"{0: 14, 1: 0, 2: 1, 3: 0, 4: 1}",1
449,False,"{'a': 0.2, 'e': 0.06781309236154871}",20,9,20.14107005713797,"{0: 11, 1: 0, 2: 0, 3: 0, 4: 0}",1
450,False,"{'a': 0.2, 'e': 0.0674074320054281}",30,14,27.73487363684059,"{0: 16, 1: 0, 2: 0, 3: 0, 4: 0}",1
451,False,"{'a': 0.2, 'e': 0.06700419832413973}",30,19,9.696606043670613,"{0: 10, 1: 0, 2: 1, 3: 0, 4: 0}",1
452,False,"{'a': 0.2, 'e': 0.06660337680122747}",25,12,19.46615537601887,"{0: 12, 1: 1, 2: 0, 3: 0, 4: 0}",1
453,False,"{'a': 0.2, 'e': 0.06620495300707324}",25,16,18.158900931501584,"{0: 9, 1: 0, 2: 0, 3: 0, 4: 0}",1
454,False,"{'a': 0.2, 'e': 0.06580891259837739}",20,9,20.12056416689755,"{0: 11, 1: 0, 2: 0, 3: 0, 4: 0}",1
455,False,"{'a': 0.2, 'e': 0.06541524131764247}",20,14,9.242116002757701,"{0: 6, 1: 0, 2: 0, 3: 0, 4: 0}",1
456,False,"{'a': 0.2, 'e': 0.06502392499265983}",20,3,26.14053411288778,"{0: 17, 1: 0, 2: 0, 3: 0, 4: 0}",1
457,False,"{'a': 0.2, 'e': 0.06463494953599953}",20,8,20.931256983678903,"{0: 12, 1: 0, 2: 0, 3: 0, 4: 0}",1
458,False,"{'a': 0.2, 'e': 0.06424830094450308}",30,12,33.407765137020455,"{0: 18, 1: 0, 2: 0, 3: 0, 4: 0}",1
459,False,"{'a': 0.2, 'e': 0.0638639652987795}",25,20,7.531471460194788,"{0: 5, 1: 0, 2: 0, 3: 0, 4: 0}",1
460,False,"{'a': 0.2, 'e': 0.06348192876270395}",25,9,10.546724776803273,"{0: 14, 1: 1, 2: 1, 3: 0, 4: 0}",1
461,False,"{'a': 0.2, 'e': 0.06310217758291994}",30,18,19.807180352827036,"{0: 12, 1: 0, 2: 0, 3: 0, 4: 0}",1
462,False,"{'a': 0.2, 'e': 0.06272469808834395}",20,10,20.7830484335323,"{0: 10, 1: 0, 2: 0, 3: 0, 4: 0}",1
463,False,"{'a': 0.2, 'e': 0.06234947668967343}",20,9,7.790318287535301,"{0: 10, 1: 0, 2: 1, 3: 0, 4: 0}",1
464,False,"{'a': 0.2, 'e': 0.061976499878897466}",30,11,7.466971476219843,"{0: 17, 1: 0, 2: 2, 3: 0, 4: 0}",1
465,False,"{'a': 0.2, 'e': 0.061605754228810636}",30,18,21.119984908649506,"{0: 12, 1: 0, 2: 0, 3: 0, 4: 0}",1
466,False,"{'a': 0.2, 'e': 0.061237226392529445}",20,10,5.242128851644575,"{0: 9, 1: 0, 2: 1, 3: 0, 4: 0}",1
467,False,"{'a': 0.2, 'e': 0.06087090310301205}",20,16,8.925666591568744,"{0: 4, 1: 0, 2: 0, 3: 0, 4: 0}",1
468,False,"{'a': 0.2, 'e': 0.06050677117258039}",20,13,11.104207234919414,"{0: 7, 1: 0, 2: 0, 3: 0, 4: 0}",1
469,False,"{'a': 0.2, 'e': 0.06014481749244571}",25,9,30.457618073504158,"{0: 16, 1: 0, 2: 0, 3: 0, 4: 0}",1
470,False,"{'a': 0.2, 'e': 0.059785029032236384}",25,16,16.39023539889466,"{0: 9, 1: 0, 2: 0, 3: 0, 4: 0}",1
471,False,"{'a': 0.2, 'e': 0.05942739283952904}",25,18,15.628051960487603,"{0: 7, 1: 0, 2: 0, 3: 0, 4: 0}",1
472,False,"{'a': 0.2, 'e': 0.05907189603938205}",30,10,38.56565609031949,"{0: 20, 1: 0, 2: 0, 3: 0, 4: 0}",1
473,False,"{'a': 0.2, 'e': 0.058718525833872284}",30,23,0.3434919354536774,"{0: 6, 1: 0, 2: 1, 3: 0, 4: 0}",1
474,False,"{'a': 0.2, 'e': 0.058367269501634116}",25,11,27.30119088768856,"{0: 14, 1: 0, 2: 0, 3: 0, 4: 0}",1
475,False,"{'a': 0.2, 'e': 0.058018114397401704}",20,14,10.359219226402775,"{0: 6, 1: 0, 2: 0, 3: 0, 4: 0}",1
476,False,"{'a': 0.2, 'e': 0.057671047951553533}",20,8,20.83078245300597,"{0: 12, 1: 0, 2: 0, 3: 0, 4: 0}",1
477,False,"{'a': 0.2, 'e': 0.05732605766966013}",25,9,25.33047331176955,"{0: 16, 1: 0, 2: 0, 3: 0, 4: 0}",1
478,False,"{'a': 0.2, 'e': 0.056983131132034036}",20,11,15.992537754436484,"{0: 9, 1: 0, 2: 0, 3: 0, 4: 0}",1
479,False,"{'a': 0.2, 'e': 0.056642255993282896}",25,11,16.157027726747632,"{0: 13, 1: 1, 2: 0, 3: 0, 4: 0}",1
480,False,"{'a': 0.2, 'e': 0.05630341998186487}",20,11,15.97731721433863,"{0: 9, 1: 0, 2: 0, 3: 0, 4: 0}",1
481,False,"{'a': 0.2, 'e': 0.05596661089964698}",25,8,28.90373677846126,"{0: 17, 1: 0, 2: 0, 3: 0, 4: 0}",1
482,False,"{'a': 0.2, 'e': 0.055631816621465865}",25,17,13.997440803992387,"{0: 8, 1: 0, 2: 0, 3: 0, 4: 0}",1
483,False,"{'a': 0.2, 'e': 0.05529902509469138}",25,3,38.845740956156945,"{0: 22, 1: 0, 2: 0, 3: 0, 4: 0}",1
484,False,"{'a': 0.2, 'e': 0.054968224338792594}",20,15,9.792198945925657,"{0: 5, 1: 0, 2: 0, 3: 0, 4: 0}",1
485,False,"{'a': 0.2, 'e': 0.054639402444906594}",20,12,16.374070720869938,"{0: 8, 1: 0, 2: 0, 3: 0, 4: 0}",1
486,False,"{'a': 0.2, 'e': 0.05431254757540965}",20,5,25.834693379422596,"{0: 15, 1: 0, 2: 0, 3: 0, 4: 0}",1
487,False,"{'a': 0.2, 'e': 0.05398764796349122}",20,14,12.5098618169901,"{0: 6, 1: 0, 2: 0, 3: 0, 4: 0}",1
488,False,"{'a': 0.2, 'e': 0.05366469191273011}",20,16,9.907098603852898,"{0: 4, 1: 0, 2: 0, 3: 0, 4: 0}",1
489,False,"{'a': 0.2, 'e': 0.05334366779667368}",20,10,18.256260882582175,"{0: 10, 1: 0, 2: 0, 3: 0, 4: 0}",1
490,False,"{'a': 0.2, 'e': 0.05302456405841903}",20,14,9.4565628626572,"{0: 6, 1: 0, 2: 0, 3: 0, 4: 0}",1
491,False,"{'a': 0.2, 'e': 0.05270736921019717}",20,3,23.15547831397194,"{0: 16, 1: 1, 2: 0, 3: 0, 4: 0}",1
492,False,"{'a': 0.2, 'e': 0.052392071832959276}",20,5,21.10305316118069,"{0: 14, 1: 1, 2: 0, 3: 0, 4: 0}",1
493,False,"{'a': 0.2, 'e': 0.05207866057596569}",30,16,26.328363613867637,"{0: 14, 1: 0, 2: 0, 3: 0, 4: 0}",1
494,False,"{'a': 0.2, 'e': 0.051767124156377374}",25,11,26.002721767681493,"{0: 14, 1: 0, 2: 0, 3: 0, 4: 0}",1
495,False,"{'a': 0.2, 'e': 0.051457451358849514}",30,12,33.950277214805695,"{0: 18, 1: 0, 2: 0, 3: 0, 4: 0}",1
496,False,"{'a': 0.2, 'e': 0.05114963103512801}",25,14,16.806437523413937,"{0: 11, 1: 0, 2: 0, 3: 0, 4: 0}",1
497,False,"{'a': 0.2, 'e': 0.05084365210364792}",20,13,10.24218542509097,"{0: 7, 1: 0, 2: 0, 3: 0, 4: 0}",1
498,False,"{'a': 0.2, 'e': 0.050539503549134696}",25,9,17.728823530952347,"{0: 15, 1: 1, 2: 0, 3: 0, 4: 0}",1
499,False,"{'a': 0.2, 'e': 0.050237174422207494}",20,13,13.99811378697137,"{0: 7, 1: 0, 2: 0, 3: 0, 4: 0}",1
500,False,"{'a': 0.2, 'e': 0.049936653838985136}",35,13,43.5966438495659,"{0: 22, 1: 0, 2: 0, 3: 0, 4: 0}",1
501,False,"{'a': 0.2, 'e': 0.04963793098069413}",20,8,22.168032558108195,"{0: 12, 1: 0, 2: 0, 3: 0, 4: 0}",1
502,False,"{'a': 0.2, 'e': 0.04934099509327934}",20,13,3.360113535823172,"{0: 6, 1: 0, 2: 1, 3: 0, 4: 0}",1
503,False,"{'a': 0.2, 'e': 0.04904583548701673}",35,18,29.811068090127904,"{0: 17, 1: 0, 2: 0, 3: 0, 4: 0}",1
504,False,"{'a': 0.2, 'e': 0.04875244153612863}",25,7,32.05007901858085,"{0: 18, 1: 0, 2: 0, 3: 0, 4: 0}",1
505,False,"{'a': 0.2, 'e': 0.048460802678401076}",30,21,15.970868399487141,"{0: 9, 1: 0, 2: 0, 3: 0, 4: 0}",1
506,False,"{'a': 0.2, 'e': 0.048170908414803745}",20,9,-20.213011828717494,"{0: 10, 1: 0, 2: 0, 3: 0, 4: 1}",1
507,False,"{'a': 0.2, 'e': 0.04788274830911178}",25,14,22.123342000086282,"{0: 11, 1: 0, 2: 0, 3: 0, 4: 0}",1
508,False,"{'a': 0.2, 'e': 0.04759631198753032}",25,11,12.591360094234645,"{0: 13, 1: 0, 2: 1, 3: 0, 4: 0}",1
509,False,"{'a': 0.2, 'e': 0.047311589138320786}",25,18,14.667286230384128,"{0: 7, 1: 0, 2: 0, 3: 0, 4: 0}",1
510,False,"{'a': 0.2, 'e': 0.04702856951142992}",20,8,24.95768688129009,"{0: 12, 1: 0, 2: 0, 3: 0, 4: 0}",1
511,False,"{'a': 0.2, 'e': 0.046747242918120525}",30,19,22.412160385328775,"{0: 11, 1: 0, 2: 0, 3: 0, 4: 0}",1
512,False,"{'a': 0.2, 'e': 0.04646759923060492}",20,3,32.16427077240958,"{0: 17, 1: 0, 2: 0, 3: 0, 4: 0}",1
513,False,"{'a': 0.2, 'e': 0.0461896283816801}",25,15,20.60988669419282,"{0: 10, 1: 0, 2: 0, 3: 0, 4: 0}",1
514,False,"{'a': 0.2, 'e': 0.04591332036436553}",25,17,14.839371611812851,"{0: 8, 1: 0, 2: 0, 3: 0, 4: 0}",1
515,False,"{'a': 0.2, 'e': 0.0456386652315427}",25,17,14.327762487440825,"{0: 8, 1: 0, 2: 0, 3: 0, 4: 0}",1
516,False,"{'a': 0.2, 'e': 0.0453656530955972}",30,16,22.64460393169869,"{0: 14, 1: 0, 2: 0, 3: 0, 4: 0}",1
517,False,"{'a': 0.2, 'e': 0.04509427412806263}",25,16,15.93281456036966,"{0: 9, 1: 0, 2: 0, 3: 0, 4: 0}",1
518,False,"{'a': 0.2, 'e': 0.04482451855926687}",20,13,2.2634547503562548,"{0: 6, 1: 0, 2: 1, 3: 0, 4: 0}",1
519,False,"{'a': 0.2, 'e': 0.04455637667798028}",20,10,-24.215740708130603,"{0: 9, 1: 0, 2: 0, 3: 0, 4: 1}",1
520,False,"{'a': 0.2, 'e': 0.044289838831066214}",25,15,11.60485255394393,"{0: 9, 1: 1, 2: 0, 3: 0, 4: 0}",1
521,False,"{'a': 0.2, 'e': 0.04402489542313335}",20,16,9.89418806388715,"{0: 4, 1: 0, 2: 0, 3: 0, 4: 0}",1
522,False,"{'a': 0.2, 'e': 0.04376153691619043}",25,17,10.32603255664643,"{0: 7, 1: 1, 2: 0, 3: 0, 4: 0}",1
523,False,"{'a': 0.2, 'e': 0.04349975382930273}",20,9,18.91208169442237,"{0: 11, 1: 0, 2: 0, 3: 0, 4: 0}",1
524,False,"{'a': 0.2, 'e': 0.043239536738250886}",20,8,19.331253728653156,"{0: 12, 1: 0, 2: 0, 3: 0, 4: 0}",1
525,False,"{'a': 0.2, 'e': 0.042980876275191475}",25,8,31.088586472030354,"{0: 17, 1: 0, 2: 0, 3: 0, 4: 0}",1
526,False,"{'a': 0.2, 'e': 0.04272376312831993}",30,16,26.51556093118753,"{0: 14, 1: 0, 2: 0, 3: 0, 4: 0}",1
527,False,"{'a': 0.2, 'e': 0.042468188041535154}",20,12,14.154075129589584,"{0: 8, 1: 0, 2: 0, 3: 0, 4: 0}",1
528,False,"{'a': 0.2, 'e': 0.042214141814106466}",30,15,27.217917170465306,"{0: 15, 1: 0, 2: 0, 3: 0, 4: 0}",1
529,False,"{'a': 0.2, 'e': 0.041961615300342196}",35,18,20.022482866286197,"{0: 16, 1: 0, 2: 1, 3: 0, 4: 0}",1
530,False,"{'a': 0.2, 'e': 0.04171059940926062}",20,12,2.569349712593614,"{0: 7, 1: 0, 2: 1, 3: 0, 4: 0}",1
531,False,"{'a': 0.2, 'e': 0.0414610851042625}",20,6,-26.295289628038038,"{0: 12, 1: 0, 2: 1, 3: 0, 4: 1}",1
532,False,"{'a': 0.2, 'e': 0.04121306340280596}",20,8,10.594507943191747,"{0: 11, 1: 0, 2: 1, 3: 0, 4: 0}",1
533,False,"{'a': 0.2, 'e': 0.040966525376082925}",20,13,13.877511874217378,"{0: 7, 1: 0, 2: 0, 3: 0, 4: 0}",1
534,False,"{'a': 0.2, 'e': 0.04072146214869783}",25,17,15.456366085907835,"{0: 8, 1: 0, 2: 0, 3: 0, 4: 0}",1
535,False,"{'a': 0.2, 'e': 0.040477864898348016}",25,13,25.0127997611665,"{0: 12, 1: 0, 2: 0, 3: 0, 4: 0}",1
536,False,"{'a': 0.2, 'e': 0.04023572485550614}",30,17,25.331939029851974,"{0: 13, 1: 0, 2: 0, 3: 0, 4: 0}",1
537,False,"{'a': 0.2, 'e': 0.03999503330310454}",20,16,6.7352558095746,"{0: 4, 1: 0, 2: 0, 3: 0, 4: 0}",1
538,False,"{'a': 0.2, 'e': 0.039755781576221304}",25,14,20.4762244230115,"{0: 11, 1: 0, 2: 0, 3: 0, 4: 0}",1
539,False,"{'a': 0.2, 'e': 0.039517961061768456}",25,17,13.192841812371762,"{0: 8, 1: 0, 2: 0, 3: 0, 4: 0}",1
540,False,"{'a': 0.2, 'e': 0.03928156319818176}",25,18,8.466825466524424,"{0: 6, 1: 1, 2: 0, 3: 0, 4: 0}",1
541,False,"{'a': 0.2, 'e': 0.039046579475112635}",35,21,24.613450567793034,"{0: 14, 1: 0, 2: 0, 3: 0, 4: 0}",1
542,False,"{'a': 0.2, 'e': 0.03881300143312163}",30,12,31.231578567518373,"{0: 18, 1: 0, 2: 0, 3: 0, 4: 0}",1
543,False,"{'a': 0.2, 'e': 0.03858082066337404}",20,13,12.240407321865948,"{0: 7, 1: 0, 2: 0, 3: 0, 4: 0}",1
544,False,"{'a': 0.2, 'e': 0.03835002880733705}",25,9,25.084689472737626,"{0: 16, 1: 0, 2: 0, 3: 0, 4: 0}",1
545,False,"{'a': 0.2, 'e': 0.03812061755647895}",20,14,11.369754375869725,"{0: 6, 1: 0, 2: 0, 3: 0, 4: 0}",1
546,False,"{'a': 0.2, 'e': 0.0378925786519699}",20,9,21.0139987511565,"{0: 11, 1: 0, 2: 0, 3: 0, 4: 0}",1
547,False,"{'a': 0.2, 'e': 0.03766590388438474}",20,0,11.493339155664133,"{0: 19, 1: 0, 2: 1, 3: 0, 4: 0}",0
548,False,"{'a': 0.2, 'e': 0.03744058509340732}",30,7,35.336728572573,"{0: 22, 1: 1, 2: 0, 3: 0, 4: 0}",1
549,False,"{'a': 0.2, 'e': 0.03721661416753687}",20,14,-0.1428329421374892,"{0: 5, 1: 0, 2: 1, 3: 0, 4: 0}",1
550,False,"{'a': 0.2, 'e': 0.036993983043795836}",20,7,26.67091545369312,"{0: 13, 1: 0, 2: 0, 3: 0, 4: 0}",1
551,False,"{'a': 0.2, 'e': 0.036772683707439746}",20,9,21.043512715933307,"{0: 11, 1: 0, 2: 0, 3: 0, 4: 0}",1
552,False,"{'a': 0.2, 'e': 0.036552708191668566}",30,23,12.316709697269085,"{0: 7, 1: 0, 2: 0, 3: 0, 4: 0}",1
553,False,"{'a': 0.2, 'e': 0.036334048577339996}",20,8,23.358596314291347,"{0: 12, 1: 0, 2: 0, 3: 0, 4: 0}",1
554,False,"{'a': 0.2, 'e': 0.03611669699268428}",20,16,7.781171907704488,"{0: 4, 1: 0, 2: 0, 3: 0, 4: 0}",1
555,False,"{'a': 0.2, 'e': 0.03590064561302092}",25,17,12.765115335353702,"{0: 8, 1: 0, 2: 0, 3: 0, 4: 0}",1
556,False,"{'a': 0.2, 'e': 0.03568588666047689}",20,8,20.807626212760873,"{0: 12, 1: 0, 2: 0, 3: 0, 4: 0}",1
557,False,"{'a': 0.2, 'e': 0.03547241240370673}",30,19,20.20142404950145,"{0: 11, 1: 0, 2: 0, 3: 0, 4: 0}",1
558,False,"{'a': 0.2, 'e': 0.03526021515761412}",20,8,24.082157059539778,"{0: 12, 1: 0, 2: 0, 3: 0, 4: 0}",1
559,False,"{'a': 0.2, 'e': 0.035049287283075305}",25,8,29.548797398750846,"{0: 17, 1: 0, 2: 0, 3: 0, 4: 0}",1
560,False,"{'a': 0.2, 'e': 0.034839621186663984}",20,8,25.19191676627737,"{0: 12, 1: 0, 2: 0, 3: 0, 4: 0}",1
561,False,"{'a': 0.2, 'e': 0.034631209320378095}",30,17,11.37863438670525,"{0: 12, 1: 0, 2: 1, 3: 0, 4: 0}",1
562,False,"{'a': 0.2, 'e': 0.034424044181367894}",20,11,19.3887159935253,"{0: 9, 1: 0, 2: 0, 3: 0, 4: 0}",1
563,False,"{'a': 0.2, 'e': 0.03421811831166603}",25,7,28.449949425083915,"{0: 18, 1: 0, 2: 0, 3: 0, 4: 0}",1
564,False,"{'a': 0.2, 'e': 0.03401342429791895}",20,10,20.050871324575578,"{0: 10, 1: 0, 2: 0, 3: 0, 4: 0}",1
565,False,"{'a': 0.2, 'e': 0.033809954771120046}",25,20,10.455042953129997,"{0: 5, 1: 0, 2: 0, 3: 0, 4: 0}",1
566,False,"{'a': 0.2, 'e': 0.03360770240634438}",25,20,11.38986661308623,"{0: 5, 1: 0, 2: 0, 3: 0, 4: 0}",1
567,False,"{'a': 0.2, 'e': 0.03340665992248499}",30,15,29.30016410324722,"{0: 15, 1: 0, 2: 0, 3: 0, 4: 0}",1
568,False,"{'a': 0.2, 'e': 0.03320682008199072}",25,14,22.680600998826,"{0: 11, 1: 0, 2: 0, 3: 0, 4: 0}",1
569,False,"{'a': 0.2, 'e': 0.03300817569060575}",30,20,14.193856840615696,"{0: 10, 1: 0, 2: 0, 3: 0, 4: 0}",1
570,False,"{'a': 0.2, 'e': 0.032810719597110516}",20,14,10.638955906624634,"{0: 6, 1: 0, 2: 0, 3: 0, 4: 0}",1
571,False,"{'a': 0.2, 'e': 0.03261444469306436}",30,19,19.703708371309354,"{0: 11, 1: 0, 2: 0, 3: 0, 4: 0}",1
572,False,"{'a': 0.2, 'e': 0.0324193439125495}",20,13,12.671197768951174,"{0: 7, 1: 0, 2: 0, 3: 0, 4: 0}",1
573,False,"{'a': 0.2, 'e': 0.0322254102319168}",20,12,14.120941394555214,"{0: 8, 1: 0, 2: 0, 3: 0, 4: 0}",1
574,False,"{'a': 0.2, 'e': 0.03203263666953279}",20,9,20.71465415845711,"{0: 11, 1: 0, 2: 0, 3: 0, 4: 0}",1
575,False,"{'a': 0.2, 'e': 0.03184101628552841}",20,8,19.22260284997987,"{0: 12, 1: 0, 2: 0, 3: 0, 4: 0}",1
576,False,"{'a': 0.2, 'e': 0.03165054218154915}",30,18,21.828615451375217,"{0: 12, 1: 0, 2: 0, 3: 0, 4: 0}",1
577,False,"{'a': 0.2, 'e': 0.03146120750050669}",20,11,16.07528566445547,"{0: 9, 1: 0, 2: 0, 3: 0, 4: 0}",1
578,False,"{'a': 0.2, 'e': 0.03127300542633206}",30,20,17.095324184188517,"{0: 10, 1: 0, 2: 0, 3: 0, 4: 0}",1
579,False,"{'a': 0.2, 'e': 0.03108592918373026}",20,6,14.270390162737847,"{0: 13, 1: 0, 2: 1, 3: 0, 4: 0}",1
580,False,"{'a': 0.2, 'e': 0.030899972037936367}",20,5,13.142046453834528,"{0: 14, 1: 0, 2: 1, 3: 0, 4: 0}",1
581,False,"{'a': 0.2, 'e': 0.03071512729447303}",30,18,19.60133998797637,"{0: 12, 1: 0, 2: 0, 3: 0, 4: 0}",1
582,False,"{'a': 0.2, 'e': 0.030531388298909546}",20,16,6.435894571341991,"{0: 4, 1: 0, 2: 0, 3: 0, 4: 0}",1
583,False,"{'a': 0.2, 'e': 0.030348748436622202}",25,15,18.829226318478867,"{0: 10, 1: 0, 2: 0, 3: 0, 4: 0}",1
584,False,"{'a': 0.2, 'e': 0.03016720113255626}",30,21,10.770124969793743,"{0: 8, 1: 1, 2: 0, 3: 0, 4: 0}",1
585,False,"{'a': 0.2, 'e': 0.029986739850989135}",25,16,14.73871485619633,"{0: 9, 1: 0, 2: 0, 3: 0, 4: 0}",1
586,False,"{'a': 0.2, 'e': 0.029807358095295233}",20,11,17.987976805866072,"{0: 9, 1: 0, 2: 0, 3: 0, 4: 0}",1
587,False,"{'a': 0.2, 'e': 0.029629049407711945}",20,15,9.169230441245237,"{0: 5, 1: 0, 2: 0, 3: 0, 4: 0}",1
588,False,"{'a': 0.2, 'e': 0.02945180736910729}",20,4,24.04677892800394,"{0: 16, 1: 0, 2: 0, 3: 0, 4: 0}",1
589,False,"{'a': 0.2, 'e': 0.02927562559874871}",25,15,19.865446218489208,"{0: 10, 1: 0, 2: 0, 3: 0, 4: 0}",1
590,False,"{'a': 0.2, 'e': 0.02910049775407347}",30,12,35.76622894020157,"{0: 18, 1: 0, 2: 0, 3: 0, 4: 0}",1
591,False,"{'a': 0.2, 'e': 0.02892641753046022}",20,9,23.319832118225946,"{0: 11, 1: 0, 2: 0, 3: 0, 4: 0}",1
592,False,"{'a': 0.2, 'e': 0.028753378661002135}",30,22,15.282589233428503,"{0: 8, 1: 0, 2: 0, 3: 0, 4: 0}",1
593,False,"{'a': 0.2, 'e': 0.028581374916281203}",20,7,27.265839605430017,"{0: 13, 1: 0, 2: 0, 3: 0, 4: 0}",1
594,False,"{'a': 0.2, 'e': 0.02841040010414406}",20,6,28.01668998546343,"{0: 14, 1: 0, 2: 0, 3: 0, 4: 0}",1
595,False,"{'a': 0.2, 'e': 0.028240448069478983}",30,20,17.399167744025142,"{0: 10, 1: 0, 2: 0, 3: 0, 4: 0}",1
596,False,"{'a': 0.2, 'e': 0.028071512693994393}",30,16,13.772620050601809,"{0: 13, 1: 0, 2: 1, 3: 0, 4: 0}",1
597,False,"{'a': 0.2, 'e': 0.027903587895998498}",20,15,10.854186893883467,"{0: 5, 1: 0, 2: 0, 3: 0, 4: 0}",1
598,False,"{'a': 0.2, 'e': 0.027736667630180466}",20,16,5.408271858071906,"{0: 4, 1: 0, 2: 0, 3: 0, 4: 0}",1
599,False,"{'a': 0.2, 'e': 0.02757074588739267}",35,18,36.24988175008485,"{0: 17, 1: 0, 2: 0, 3: 0, 4: 0}",1
600,False,"{'a': 0.2, 'e': 0.027405816694434475}",25,14,22.861103500520155,"{0: 11, 1: 0, 2: 0, 3: 0, 4: 0}",1
601,False,"{'a': 0.2, 'e': 0.027241874113837102}",20,8,22.3647146612164,"{0: 12, 1: 0, 2: 0, 3: 0, 4: 0}",1
602,False,"{'a': 0.2, 'e': 0.027078912243649965}",25,15,19.602373042104,"{0: 10, 1: 0, 2: 0, 3: 0, 4: 0}",1
603,False,"{'a': 0.2, 'e': 0.026916925217228112}",20,11,16.03737486349286,"{0: 9, 1: 0, 2: 0, 3: 0, 4: 0}",1
604,False,"{'a': 0.2, 'e': 0.026755907203021123}",25,15,15.282583362596117,"{0: 10, 1: 0, 2: 0, 3: 0, 4: 0}",1
605,False,"{'a': 0.2, 'e': 0.02659585240436307}",30,18,23.63384132425214,"{0: 12, 1: 0, 2: 0, 3: 0, 4: 0}",1
606,False,"{'a': 0.2, 'e': 0.026436755059263944}",20,14,10.29809699571575,"{0: 6, 1: 0, 2: 0, 3: 0, 4: 0}",1
607,False,"{'a': 0.2, 'e': 0.026278609440202112}",25,20,10.93050164193551,"{0: 5, 1: 0, 2: 0, 3: 0, 4: 0}",1
608,False,"{'a': 0.2, 'e': 0.026121409853918233}",30,19,21.22451588365856,"{0: 11, 1: 0, 2: 0, 3: 0, 4: 0}",1
609,False,"{'a': 0.2, 'e': 0.0259651506412102}",30,19,-2.530768633009097,"{0: 9, 1: 0, 2: 2, 3: 0, 4: 0}",1
610,False,"{'a': 0.2, 'e': 0.0258098261767295}",25,13,19.33285449512068,"{0: 12, 1: 0, 2: 0, 3: 0, 4: 0}",1
611,False,"{'a': 0.2, 'e': 0.025655430868778615}",25,17,17.79136287309813,"{0: 8, 1: 0, 2: 0, 3: 0, 4: 0}",1
612,False,"{'a': 0.2, 'e': 0.02550195915910981}",25,14,19.83822961844228,"{0: 11, 1: 0, 2: 0, 3: 0, 4: 0}",1
613,False,"{'a': 0.2, 'e': 0.02534940552272493}",20,13,13.232926926230208,"{0: 7, 1: 0, 2: 0, 3: 0, 4: 0}",1
614,False,"{'a': 0.2, 'e': 0.025197764467676628}",20,14,9.673586015012443,"{0: 6, 1: 0, 2: 0, 3: 0, 4: 0}",1
615,False,"{'a': 0.2, 'e': 0.025047030534870507}",20,14,12.64015428208977,"{0: 6, 1: 0, 2: 0, 3: 0, 4: 0}",1
616,False,"{'a': 0.2, 'e': 0.024897198297868735}",20,10,17.381590019268327,"{0: 10, 1: 0, 2: 0, 3: 0, 4: 0}",1
617,False,"{'a': 0.2, 'e': 0.024748262362694576}",20,5,20.94384892757892,"{0: 15, 1: 0, 2: 0, 3: 0, 4: 0}",1
618,False,"{'a': 0.2, 'e': 0.024600217367638302}",25,10,25.508248006544147,"{0: 15, 1: 0, 2: 0, 3: 0, 4: 0}",1
619,False,"{'a': 0.2, 'e': 0.02445305798306408}",30,17,20.522210276451922,"{0: 13, 1: 0, 2: 0, 3: 0, 4: 0}",1
620,False,"{'a': 0.2, 'e': 0.02430677891121819}",25,17,14.912973459294605,"{0: 8, 1: 0, 2: 0, 3: 0, 4: 0}",1
621,False,"{'a': 0.2, 'e': 0.02416137488603824}",25,17,15.377990543480237,"{0: 8, 1: 0, 2: 0, 3: 0, 4: 0}",1
622,False,"{'a': 0.2, 'e': 0.024016840672963606}",20,3,33.00317510047107,"{0: 17, 1: 0, 2: 0, 3: 0, 4: 0}",1
623,False,"{'a': 0.2, 'e': 0.023873171068747034}",30,21,15.331407140346105,"{0: 9, 1: 0, 2: 0, 3: 0, 4: 0}",1
624,False,"{'a': 0.2, 'e': 0.02373036090126723}",20,13,13.211543363369342,"{0: 7, 1: 0, 2: 0, 3: 0, 4: 0}",1
625,False,"{'a': 0.2, 'e': 0.023588405029342768}",20,8,7.463691167545797,"{0: 11, 1: 0, 2: 1, 3: 0, 4: 0}",1
626,False,"{'a': 0.2, 'e': 0.0234472983425469}",30,18,23.147345935165397,"{0: 12, 1: 0, 2: 0, 3: 0, 4: 0}",1
627,False,"{'a': 0.2, 'e': 0.023307035761023685}",20,14,12.191878186199624,"{0: 6, 1: 0, 2: 0, 3: 0, 4: 0}",1
628,False,"{'a': 0.2, 'e': 0.02316761223530502}",20,12,16.280179800257784,"{0: 8, 1: 0, 2: 0, 3: 0, 4: 0}",1
629,False,"{'a': 0.2, 'e': 0.02302902274612894}",25,15,21.648437670154262,"{0: 10, 1: 0, 2: 0, 3: 0, 4: 0}",1
630,False,"{'a': 0.2, 'e': 0.02289126230425885}",30,16,19.8784053218183,"{0: 14, 1: 0, 2: 0, 3: 0, 4: 0}",1
631,False,"{'a': 0.2, 'e': 0.02275432595030398}",25,14,22.389147961158045,"{0: 11, 1: 0, 2: 0, 3: 0, 4: 0}",1
632,False,"{'a': 0.2, 'e': 0.022618208754540785}",20,9,20.146879930234917,"{0: 11, 1: 0, 2: 0, 3: 0, 4: 0}",1
633,False,"{'a': 0.2, 'e': 0.02248290581673553}",25,14,18.9178862690463,"{0: 11, 1: 0, 2: 0, 3: 0, 4: 0}",1
634,False,"{'a': 0.2, 'e': 0.022348412265967826}",20,2,17.944413209934112,"{0: 17, 1: 0, 2: 1, 3: 0, 4: 0}",1
635,False,"{'a': 0.2, 'e': 0.022214723260455337}",25,11,24.8230158566724,"{0: 14, 1: 0, 2: 0, 3: 0, 4: 0}",1
636,False,"{'a': 0.2, 'e': 0.022081833987379406}",25,18,13.918842250552283,"{0: 7, 1: 0, 2: 0, 3: 0, 4: 0}",1
637,False,"{'a': 0.2, 'e': 0.021949739662711874}",30,12,24.378586493094954,"{0: 17, 1: 0, 2: 1, 3: 0, 4: 0}",1
638,False,"{'a': 0.2, 'e': 0.021818435531042762}",30,11,35.7248883444585,"{0: 19, 1: 0, 2: 0, 3: 0, 4: 0}",1
639,False,"{'a': 0.2, 'e': 0.021687916865409173}",20,16,8.778789595816875,"{0: 4, 1: 0, 2: 0, 3: 0, 4: 0}",1
640,False,"{'a': 0.2, 'e': 0.021558178967125027}",25,11,25.5226662955621,"{0: 14, 1: 0, 2: 0, 3: 0, 4: 0}",1
641,False,"{'a': 0.2, 'e': 0.021429217165611993}",30,15,26.849503152475236,"{0: 15, 1: 0, 2: 0, 3: 0, 4: 0}",1
642,False,"{'a': 0.2, 'e': 0.02130102681823127}",20,10,21.455826243998306,"{0: 10, 1: 0, 2: 0, 3: 0, 4: 0}",1
643,False,"{'a': 0.2, 'e': 0.02117360331011653}",25,11,28.911486966221556,"{0: 14, 1: 0, 2: 0, 3: 0, 4: 0}",1
644,False,"{'a': 0.2, 'e': 0.02104694205400769}",25,18,11.979461045485353,"{0: 7, 1: 0, 2: 0, 3: 0, 4: 0}",1
645,False,"{'a': 0.2, 'e': 0.020921038490085878}",20,12,17.451816901347023,"{0: 8, 1: 0, 2: 0, 3: 0, 4: 0}",1
646,False,"{'a': 0.2, 'e': 0.020795888085809178}",20,10,19.552066007372087,"{0: 10, 1: 0, 2: 0, 3: 0, 4: 0}",1
647,False,"{'a': 0.2, 'e': 0.02067148633574953}",30,18,22.244021492849154,"{0: 12, 1: 0, 2: 0, 3: 0, 4: 0}",1
648,False,"{'a': 0.2, 'e': 0.02054782876143049}",25,13,19.85964354172321,"{0: 12, 1: 0, 2: 0, 3: 0, 4: 0}",1
649,False,"{'a': 0.2, 'e': 0.020424910911166032}",30,16,27.76783164284187,"{0: 14, 1: 0, 2: 0, 3: 0, 4: 0}",1
650,False,"{'a': 0.2, 'e': 0.02030272835990026}",30,19,24.253518154562364,"{0: 11, 1: 0, 2: 0, 3: 0, 4: 0}",1
651,False,"{'a': 0.2, 'e': 0.020181276709048155}",20,9,8.286682578723882,"{0: 10, 1: 0, 2: 1, 3: 0, 4: 0}",1
652,False,"{'a': 0.2, 'e': 0.020060551586337145}",20,10,20.442568808156473,"{0: 10, 1: 0, 2: 0, 3: 0, 4: 0}",1
653,False,"{'a': 0.2, 'e': 0.019940548645649796}",20,8,18.56731381465723,"{0: 12, 1: 0, 2: 0, 3: 0, 4: 0}",1
654,False,"{'a': 0.2, 'e': 0.01982126356686726}",20,9,21.271488896317326,"{0: 11, 1: 0, 2: 0, 3: 0, 4: 0}",1
655,False,"{'a': 0.2, 'e': 0.01970269205571384}",20,9,19.006843440313354,"{0: 11, 1: 0, 2: 0, 3: 0, 4: 0}",1
656,False,"{'a': 0.2, 'e': 0.019584829843602315}",25,17,12.996092552757355,"{0: 8, 1: 0, 2: 0, 3: 0, 4: 0}",1
657,False,"{'a': 0.2, 'e': 0.019467672687480328}",30,18,21.860078557439888,"{0: 12, 1: 0, 2: 0, 3: 0, 4: 0}",1
658,False,"{'a': 0.2, 'e': 0.01935121636967759}",25,16,17.13004235300456,"{0: 9, 1: 0, 2: 0, 3: 0, 4: 0}",1
659,False,"{'a': 0.2, 'e': 0.01923545669775411}",25,9,21.822942067691436,"{0: 15, 1: 1, 2: 0, 3: 0, 4: 0}",1
660,False,"{'a': 0.2, 'e': 0.019120389504349168}",20,6,24.63285069250603,"{0: 14, 1: 0, 2: 0, 3: 0, 4: 0}",1
661,False,"{'a': 0.2, 'e': 0.019006010647031397}",25,20,11.398170494933982,"{0: 5, 1: 0, 2: 0, 3: 0, 4: 0}",1
662,False,"{'a': 0.2, 'e': 0.01889231600814957}",20,12,14.355850752005129,"{0: 8, 1: 0, 2: 0, 3: 0, 4: 0}",1
663,False,"{'a': 0.2, 'e': 0.0187793014946844}",20,14,13.08807995665492,"{0: 6, 1: 0, 2: 0, 3: 0, 4: 0}",1
664,False,"{'a': 0.2, 'e': 0.018666963038101215}",25,15,18.632258019525974,"{0: 10, 1: 0, 2: 0, 3: 0, 4: 0}",1
665,False,"{'a': 0.2, 'e': 0.01855529659420343}",25,16,15.479902696148775,"{0: 9, 1: 0, 2: 0, 3: 0, 4: 0}",1
666,False,"{'a': 0.2, 'e': 0.018444298142987012}",25,20,10.919454636549137,"{0: 5, 1: 0, 2: 0, 3: 0, 4: 0}",1
667,False,"{'a': 0.2, 'e': 0.018333963688495727}",20,11,19.417445302212833,"{0: 9, 1: 0, 2: 0, 3: 0, 4: 0}",1
668,False,"{'a': 0.2, 'e': 0.018224289258677303}",25,13,21.552880564605314,"{0: 12, 1: 0, 2: 0, 3: 0, 4: 0}",1
669,False,"{'a': 0.2, 'e': 0.01811527090524041}",20,13,13.87921436523523,"{0: 7, 1: 0, 2: 0, 3: 0, 4: 0}",1
670,False,"{'a': 0.2, 'e': 0.018006904703512558}",25,18,12.629386243343557,"{0: 7, 1: 0, 2: 0, 3: 0, 4: 0}",1
671,False,"{'a': 0.2, 'e': 0.017899186752298794}",25,18,10.139794688658295,"{0: 7, 1: 0, 2: 0, 3: 0, 4: 0}",1
672,False,"{'a': 0.2, 'e': 0.017792113173741214}",20,15,10.023105245170486,"{0: 5, 1: 0, 2: 0, 3: 0, 4: 0}",1
673,False,"{'a': 0.2, 'e': 0.017685680113179437}",25,11,27.09387389818166,"{0: 14, 1: 0, 2: 0, 3: 0, 4: 0}",1
674,False,"{'a': 0.2, 'e': 0.017579883739011794}",25,12,26.221998245577375,"{0: 13, 1: 0, 2: 0, 3: 0, 4: 0}",1
675,False,"{'a': 0.2, 'e': 0.017474720242557397}",20,10,20.8177868553641,"{0: 10, 1: 0, 2: 0, 3: 0, 4: 0}",1
676,False,"{'a': 0.2, 'e': 0.017370185837918987}",25,11,27.26642207870102,"{0: 14, 1: 0, 2: 0, 3: 0, 4: 0}",1
677,False,"{'a': 0.2, 'e': 0.01726627676184673}",20,6,23.83051479795411,"{0: 14, 1: 0, 2: 0, 3: 0, 4: 0}",1
678,False,"{'a': 0.2, 'e': 0.017162989273602654}",20,0,29.382099252798934,"{0: 20, 1: 0, 2: 0, 3: 0, 4: 0}",0
679,False,"{'a': 0.2, 'e': 0.017060319654826052}",20,15,10.302860288913292,"{0: 5, 1: 0, 2: 0, 3: 0, 4: 0}",1
680,False,"{'a': 0.2, 'e': 0.016958264209399526}",30,19,22.90102176012403,"{0: 11, 1: 0, 2: 0, 3: 0, 4: 0}",1
681,False,"{'a': 0.2, 'e': 0.01685681926331603}",20,12,14.456029586646732,"{0: 8, 1: 0, 2: 0, 3: 0, 4: 0}",1
682,False,"{'a': 0.2, 'e': 0.016755981164546553}",20,14,-1.3862492501510122,"{0: 5, 1: 0, 2: 1, 3: 0, 4: 0}",1
683,False,"{'a': 0.2, 'e': 0.016655746282908664}",20,6,19.666606194585615,"{0: 13, 1: 0, 2: 1, 3: 0, 4: 0}",1
684,False,"{'a': 0.2, 'e': 0.016556111009935766}",30,10,35.02144319362189,"{0: 20, 1: 0, 2: 0, 3: 0, 4: 0}",1
685,False,"{'a': 0.2, 'e': 0.016457071758747287}",20,15,7.139369755019487,"{0: 5, 1: 0, 2: 0, 3: 0, 4: 0}",1
686,False,"{'a': 0.2, 'e': 0.01635862496391949}",20,14,12.52699610619113,"{0: 6, 1: 0, 2: 0, 3: 0, 4: 0}",1
687,False,"{'a': 0.2, 'e': 0.016260767081357142}",20,8,21.248381096400802,"{0: 12, 1: 0, 2: 0, 3: 0, 4: 0}",1
688,False,"{'a': 0.2, 'e': 0.016163494588165874}",20,9,10.329034444437156,"{0: 10, 1: 0, 2: 1, 3: 0, 4: 0}",1
689,False,"{'a': 0.2, 'e': 0.01606680398252544}",20,16,7.225512103795854,"{0: 4, 1: 0, 2: 0, 3: 0, 4: 0}",1
690,False,"{'a': 0.2, 'e': 0.015970691783563595}",20,8,20.86184861836536,"{0: 12, 1: 0, 2: 0, 3: 0, 4: 0}",1
691,False,"{'a': 0.2, 'e': 0.015875154531230805}",30,15,32.410389167128464,"{0: 15, 1: 0, 2: 0, 3: 0, 4: 0}",1
692,False,"{'a': 0.2, 'e': 0.015780188786175646}",20,6,27.737687306713966,"{0: 14, 1: 0, 2: 0, 3: 0, 4: 0}",1
693,False,"{'a': 0.2, 'e': 0.015685791129621054}",25,15,17.96824271767129,"{0: 10, 1: 0, 2: 0, 3: 0, 4: 0}",1
694,False,"{'a': 0.2, 'e': 0.015591958163241193}",25,13,21.64788178927641,"{0: 12, 1: 0, 2: 0, 3: 0, 4: 0}",1
695,False,"{'a': 0.2, 'e': 0.015498686509039157}",25,15,20.59054011135795,"{0: 10, 1: 0, 2: 0, 3: 0, 4: 0}",1
696,False,"{'a': 0.2, 'e': 0.015405972809225293}",25,16,15.917979829625713,"{0: 9, 1: 0, 2: 0, 3: 0, 4: 0}",1
697,False,"{'a': 0.2, 'e': 0.015313813726096408}",25,16,18.85885088155241,"{0: 9, 1: 0, 2: 0, 3: 0, 4: 0}",1
698,False,"{'a': 0.2, 'e': 0.015222205941915557}",30,13,35.59337111509902,"{0: 17, 1: 0, 2: 0, 3: 0, 4: 0}",1
699,False,"{'a': 0.2, 'e': 0.015131146158792626}",20,10,16.992491019126646,"{0: 10, 1: 0, 2: 0, 3: 0, 4: 0}",1
700,False,"{'a': 0.2, 'e': 0.015040631098565566}",25,18,14.772880871692568,"{0: 7, 1: 0, 2: 0, 3: 0, 4: 0}",1
701,False,"{'a': 0.2, 'e': 0.014950657502682445}",25,16,19.04414402473248,"{0: 9, 1: 0, 2: 0, 3: 0, 4: 0}",1
1,True,"{'a': 0, 'e': 0}",25,14,21.118077307181377,"{0: 11, 1: 0, 2: 0, 3: 0, 4: 0}",1
2,True,"{'a': 0, 'e': 0}",20,8,19.918968834870025,"{0: 12, 1: 0, 2: 0, 3: 0, 4: 0}",1
3,True,"{'a': 0, 'e': 0}",25,17,12.527294758650635,"{0: 8, 1: 0, 2: 0, 3: 0, 4: 0}",1
4,True,"{'a': 0, 'e': 0}",20,10,16.230582868958095,"{0: 10, 1: 0, 2: 0, 3: 0, 4: 0}",1
5,True,"{'a': 0, 'e': 0}",20,3,35.20809273945014,"{0: 17, 1: 0, 2: 0, 3: 0, 4: 0}",1
6,True,"{'a': 0, 'e': 0}",25,8,29.464074829024813,"{0: 17, 1: 0, 2: 0, 3: 0, 4: 0}",1
7,True,"{'a': 0, 'e': 0}",30,20,21.262612962064377,"{0: 10, 1: 0, 2: 0, 3: 0, 4: 0}",1
8,True,"{'a': 0, 'e': 0}",20,13,13.255878772995718,"{0: 7, 1: 0, 2: 0, 3: 0, 4: 0}",1
9,True,"{'a': 0, 'e': 0}",25,17,13.32426809606782,"{0: 8, 1: 0, 2: 0, 3: 0, 4: 0}",1
10,True,"{'a': 0, 'e': 0}",20,13,12.880797911448349,"{0: 7, 1: 0, 2: 0, 3: 0, 4: 0}",1
11,True,"{'a': 0, 'e': 0}",25,11,27.409535233317143,"{0: 14, 1: 0, 2: 0, 3: 0, 4: 0}",1
12,True,"{'a': 0, 'e': 0}",30,11,30.671245711734727,"{0: 19, 1: 0, 2: 0, 3: 0, 4: 0}",1
13,True,"{'a': 0, 'e': 0}",25,8,32.71370092041965,"{0: 17, 1: 0, 2: 0, 3: 0, 4: 0}",1
14,True,"{'a': 0, 'e': 0}",35,21,32.3247899572798,"{0: 14, 1: 0, 2: 0, 3: 0, 4: 0}",1
15,True,"{'a': 0, 'e': 0}",20,15,9.161934401784626,"{0: 5, 1: 0, 2: 0, 3: 0, 4: 0}",1
16,True,"{'a': 0, 'e': 0}",25,11,22.862572744098607,"{0: 14, 1: 0, 2: 0, 3: 0, 4: 0}",1
17,True,"{'a': 0, 'e': 0}",25,12,27.21873302837431,"{0: 13, 1: 0, 2: 0, 3: 0, 4: 0}",1
18,True,"{'a': 0, 'e': 0}",30,12,33.43128164186539,"{0: 18, 1: 0, 2: 0, 3: 0, 4: 0}",1
19,True,"{'a': 0, 'e': 0}",20,7,21.471758312584424,"{0: 13, 1: 0, 2: 0, 3: 0, 4: 0}",1
20,True,"{'a': 0, 'e': 0}",25,13,23.89211085647382,"{0: 12, 1: 0, 2: 0, 3: 0, 4: 0}",1
21,True,"{'a': 0, 'e': 0}",20,12,13.58466980274102,"{0: 8, 1: 0, 2: 0, 3: 0, 4: 0}",1
22,True,"{'a': 0, 'e': 0}",25,8,23.397549786868577,"{0: 17, 1: 0, 2: 0, 3: 0, 4: 0}",1
23,True,"{'a': 0, 'e': 0}",20,12,16.369357257214574,"{0: 8, 1: 0, 2: 0, 3: 0, 4: 0}",1
24,True,"{'a': 0, 'e': 0}",30,10,37.00968960991221,"{0: 20, 1: 0, 2: 0, 3: 0, 4: 0}",1
25,True,"{'a': 0, 'e': 0}",25,20,9.31313995348093,"{0: 5, 1: 0, 2: 0, 3: 0, 4: 0}",1
26,True,"{'a': 0, 'e': 0}",35,27,14.835454514191246,"{0: 8, 1: 0, 2: 0, 3: 0, 4: 0}",1
27,True,"{'a': 0, 'e': 0}",20,12,18.6619405848297,"{0: 8, 1: 0, 2: 0, 3: 0, 4: 0}",1
28,True,"{'a': 0, 'e': 0}",25,19,10.916396791683255,"{0: 6, 1: 0, 2: 0, 3: 0, 4: 0}",1
29,True,"{'a': 0, 'e': 0}",25,17,17.790125381010913,"{0: 8, 1: 0, 2: 0, 3: 0, 4: 0}",1
30,True,"{'a': 0, 'e': 0}",20,10,19.82208343749485,"{0: 10, 1: 0, 2: 0, 3: 0, 4: 0}",1
31,True,"{'a': 0, 'e': 0}",35,17,31.266051624548552,"{0: 18, 1: 0, 2: 0, 3: 0, 4: 0}",1
32,True,"{'a': 0, 'e': 0}",20,8,24.230657932979184,"{0: 12, 1: 0, 2: 0, 3: 0, 4: 0}",1
33,True,"{'a': 0, 'e': 0}",25,9,30.51762216983564,"{0: 16, 1: 0, 2: 0, 3: 0, 4: 0}",1
34,True,"{'a': 0, 'e': 0}",25,14,20.47903377989342,"{0: 11, 1: 0, 2: 0, 3: 0, 4: 0}",1
35,True,"{'a': 0, 'e': 0}",25,5,32.12319455725458,"{0: 20, 1: 0, 2: 0, 3: 0, 4: 0}",1
36,True,"{'a': 0, 'e': 0}",25,7,39.44893553148013,"{0: 18, 1: 0, 2: 0, 3: 0, 4: 0}",1
37,True,"{'a': 0, 'e': 0}",25,11,22.594308193258758,"{0: 14, 1: 0, 2: 0, 3: 0, 4: 0}",1
38,True,"{'a': 0, 'e': 0}",25,14,20.44426929014329,"{0: 11, 1: 0, 2: 0, 3: 0, 4: 0}",1
39,True,"{'a': 0, 'e': 0}",20,10,16.748356870095424,"{0: 10, 1: 0, 2: 0, 3: 0, 4: 0}",1
40,True,"{'a': 0, 'e': 0}",30,23,12.7758255647035,"{0: 7, 1: 0, 2: 0, 3: 0, 4: 0}",1
41,True,"{'a': 0, 'e': 0}",20,6,23.996428041455474,"{0: 14, 1: 0, 2: 0, 3: 0, 4: 0}",1
42,True,"{'a': 0, 'e': 0}",20,9,23.9455987460436,"{0: 11, 1: 0, 2: 0, 3: 0, 4: 0}",1
43,True,"{'a': 0, 'e': 0}",25,16,18.33261039962161,"{0: 9, 1: 0, 2: 0, 3: 0, 4: 0}",1
44,True,"{'a': 0, 'e': 0}",20,7,19.237491759253892,"{0: 13, 1: 0, 2: 0, 3: 0, 4: 0}",1
45,True,"{'a': 0, 'e': 0}",25,13,21.23675014060397,"{0: 12, 1: 0, 2: 0, 3: 0, 4: 0}",1
46,True,"{'a': 0, 'e': 0}",20,12,15.442963346605016,"{0: 8, 1: 0, 2: 0, 3: 0, 4: 0}",1
47,True,"{'a': 0, 'e': 0}",30,11,36.347954434392115,"{0: 19, 1: 0, 2: 0, 3: 0, 4: 0}",1
48,True,"{'a': 0, 'e': 0}",30,20,21.493595031994946,"{0: 10, 1: 0, 2: 0, 3: 0, 4: 0}",1
49,True,"{'a': 0, 'e': 0}",20,10,19.112127234203598,"{0: 10, 1: 0, 2: 0, 3: 0, 4: 0}",1
50,True,"{'a': 0, 'e': 0}",20,13,16.294617504123806,"{0: 7, 1: 0, 2: 0, 3: 0, 4: 0}",1
51,True,"{'a': 0, 'e': 0}",25,14,17.267474325020974,"{0: 11, 1: 0, 2: 0, 3: 0, 4: 0}",1
52,True,"{'a': 0, 'e': 0}",20,12,18.264224392951412,"{0: 8, 1: 0, 2: 0, 3: 0, 4: 0}",1
53,True,"{'a': 0, 'e': 0}",30,17,22.59666745818602,"{0: 13, 1: 0, 2: 0, 3: 0, 4: 0}",1
54,True,"{'a': 0, 'e': 0}",25,15,16.807741447407334,"{0: 10, 1: 0, 2: 0, 3: 0, 4: 0}",1
55,True,"{'a': 0, 'e': 0}",25,15,19.338100972720845,"{0: 10, 1: 0, 2: 0, 3: 0, 4: 0}",1
56,True,"{'a': 0, 'e': 0}",25,17,16.527230219160554,"{0: 8, 1: 0, 2: 0, 3: 0, 4: 0}",1
57,True,"{'a': 0, 'e': 0}",30,8,38.38008767239631,"{0: 22, 1: 0, 2: 0, 3: 0, 4: 0}",1
58,True,"{'a': 0, 'e': 0}",20,10,19.349809400438712,"{0: 10, 1: 0, 2: 0, 3: 0, 4: 0}",1
59,True,"{'a': 0, 'e': 0}",30,22,12.73878591543297,"{0: 8, 1: 0, 2: 0, 3: 0, 4: 0}",1
60,True,"{'a': 0, 'e': 0}",20,8,25.451842254035654,"{0: 12, 1: 0, 2: 0, 3: 0, 4: 0}",1
61,True,"{'a': 0, 'e': 0}",25,17,14.142377003781691,"{0: 8, 1: 0, 2: 0, 3: 0, 4: 0}",1
62,True,"{'a': 0, 'e': 0}",30,12,37.761158521883964,"{0: 18, 1: 0, 2: 0, 3: 0, 4: 0}",1
63,True,"{'a': 0, 'e': 0}",25,14,17.56078172817662,"{0: 11, 1: 0, 2: 0, 3: 0, 4: 0}",1
64,True,"{'a': 0, 'e': 0}",30,20,16.807217566003175,"{0: 10, 1: 0, 2: 0, 3: 0, 4: 0}",1
65,True,"{'a': 0, 'e': 0}",20,8,18.3346446686537,"{0: 12, 1: 0, 2: 0, 3: 0, 4: 0}",1
66,True,"{'a': 0, 'e': 0}",25,10,26.15565502218079,"{0: 15, 1: 0, 2: 0, 3: 0, 4: 0}",1
67,True,"{'a': 0, 'e': 0}",20,16,6.405490598222141,"{0: 4, 1: 0, 2: 0, 3: 0, 4: 0}",1
68,True,"{'a': 0, 'e': 0}",25,13,22.273713081917197,"{0: 12, 1: 0, 2: 0, 3: 0, 4: 0}",1
69,True,"{'a': 0, 'e': 0}",35,23,21.080737776052384,"{0: 12, 1: 0, 2: 0, 3: 0, 4: 0}",1
70,True,"{'a': 0, 'e': 0}",20,14,8.748145180735152,"{0: 6, 1: 0, 2: 0, 3: 0, 4: 0}",1
71,True,"{'a': 0, 'e': 0}",20,16,9.222777567937754,"{0: 4, 1: 0, 2: 0, 3: 0, 4: 0}",1
72,True,"{'a': 0, 'e': 0}",20,14,13.406669866809251,"{0: 6, 1: 0, 2: 0, 3: 0, 4: 0}",1
73,True,"{'a': 0, 'e': 0}",25,17,15.645002903915053,"{0: 8, 1: 0, 2: 0, 3: 0, 4: 0}",1
74,True,"{'a': 0, 'e': 0}",20,3,29.812210824476296,"{0: 17, 1: 0, 2: 0, 3: 0, 4: 0}",1
75,True,"{'a': 0, 'e': 0}",20,12,15.427819617574128,"{0: 8, 1: 0, 2: 0, 3: 0, 4: 0}",1
76,True,"{'a': 0, 'e': 0}",20,14,9.773116845661873,"{0: 6, 1: 0, 2: 0, 3: 0, 4: 0}",1
77,True,"{'a': 0, 'e': 0}",25,15,21.42324605656079,"{0: 10, 1: 0, 2: 0, 3: 0, 4: 0}",1
78,True,"{'a': 0, 'e': 0}",30,20,20.513415348523747,"{0: 10, 1: 0, 2: 0, 3: 0, 4: 0}",1
79,True,"{'a': 0, 'e': 0}",25,17,13.968144691896974,"{0: 8, 1: 0, 2: 0, 3: 0, 4: 0}",1
80,True,"{'a': 0, 'e': 0}",25,17,12.746305233028675,"{0: 8, 1: 0, 2: 0, 3: 0, 4: 0}",1
81,True,"{'a': 0, 'e': 0}",20,10,18.829821796321575,"{0: 10, 1: 0, 2: 0, 3: 0, 4: 0}",1
82,True,"{'a': 0, 'e': 0}",20,16,9.596022056320876,"{0: 4, 1: 0, 2: 0, 3: 0, 4: 0}",1
83,True,"{'a': 0, 'e': 0}",20,8,21.464562892887276,"{0: 12, 1: 0, 2: 0, 3: 0, 4: 0}",1
84,True,"{'a': 0, 'e': 0}",30,12,34.03965398860383,"{0: 18, 1: 0, 2: 0, 3: 0, 4: 0}",1
85,True,"{'a': 0, 'e': 0}",20,6,28.45894672491783,"{0: 14, 1: 0, 2: 0, 3: 0, 4: 0}",1
86,True,"{'a': 0, 'e': 0}",25,11,31.412975081911938,"{0: 14, 1: 0, 2: 0, 3: 0, 4: 0}",1
87,True,"{'a': 0, 'e': 0}",20,6,28.39771086013752,"{0: 14, 1: 0, 2: 0, 3: 0, 4: 0}",1
88,True,"{'a': 0, 'e': 0}",20,12,14.072492318232477,"{0: 8, 1: 0, 2: 0, 3: 0, 4: 0}",1
89,True,"{'a': 0, 'e': 0}",20,12,16.200543910573728,"{0: 8, 1: 0, 2: 0, 3: 0, 4: 0}",1
90,True,"{'a': 0, 'e': 0}",25,14,22.31403566641639,"{0: 11, 1: 0, 2: 0, 3: 0, 4: 0}",1
91,True,"{'a': 0, 'e': 0}",20,12,15.137310942268766,"{0: 8, 1: 0, 2: 0, 3: 0, 4: 0}",1
92,True,"{'a': 0, 'e': 0}",20,14,11.725803142153199,"{0: 6, 1: 0, 2: 0, 3: 0, 4: 0}",1
93,True,"{'a': 0, 'e': 0}",25,5,31.07073802440418,"{0: 20, 1: 0, 2: 0, 3: 0, 4: 0}",1
94,True,"{'a': 0, 'e': 0}",25,15,22.855065799125136,"{0: 10, 1: 0, 2: 0, 3: 0, 4: 0}",1
95,True,"{'a': 0, 'e': 0}",25,14,20.634085043624715,"{0: 11, 1: 0, 2: 0, 3: 0, 4: 0}",1
96,True,"{'a': 0, 'e': 0}",20,16,11.116251102785402,"{0: 4, 1: 0, 2: 0, 3: 0, 4: 0}",1
97,True,"{'a': 0, 'e': 0}",20,11,16.739428126096918,"{0: 9, 1: 0, 2: 0, 3: 0, 4: 0}",1
98,True,"{'a': 0, 'e': 0}",20,7,27.259881029965598,"{0: 13, 1: 0, 2: 0, 3: 0, 4: 0}",1
99,True,"{'a': 0, 'e': 0}",25,13,25.834126309868008,"{0: 12, 1: 0, 2: 0, 3: 0, 4: 0}",1
100,True,"{'a': 0, 'e': 0}",35,15,39.015895148303166,"{0: 20, 1: 0, 2: 0, 3: 0, 4: 0}",1
